date,prix_xof,prix_usd,volume_tonnes,humidite_pct,qualite_index,prix_lisse_30j,pays_origine,numero_lot,temp_moy_c,pluie_mm
2015-01-05,1741.0,2.96,1250.0,6.54,81.5,1741.0,Nigéria,LOT-2015-01-593,25.7,23.3
2015-01-12,1699.1,2.7,1907.0,7.83,77.7,1720.0,Côte d'Ivoire,LOT-2015-02-182,26.1,2.2
2015-01-19,1772.2,3.05,1739.0,8.43,74.8,1737.4,Côte d'Ivoire,LOT-2015-03-285,24.9,9.4
2015-01-26,1853.7,3.45,713.0,7.62,80.6,1766.5,Côte d'Ivoire,LOT-2015-04-351,26.6,39.1
2015-02-02,1725.5,2.71,2418.0,8.37,71.8,1758.3,Cameroun,LOT-2015-05-454,29.3,0.9
2015-02-09,1738.7,2.73,2326.0,6.6,64.9,1755.0,Cameroun,LOT-2015-06-849,28.4,58.6
2015-02-16,1897.6,3.53,1043.0,7.34,70.7,1775.4,Côte d'Ivoire,LOT-2015-07-971,29.3,20.5
2015-03-02,1762.4,2.7,1632.0,7.96,66.6,1773.8,Côte d'Ivoire,LOT-2015-09-895,25.5,5.7
2015-03-09,1857.9,3.16,1487.0,8.46,70.8,1783.1,Côte d'Ivoire,LOT-2015-10-996,26.9,5.1
2015-03-16,1791.6,2.75,1075.0,7.01,65.7,1784.0,Côte d'Ivoire,LOT-2015-11-309,26.1,51.3
2015-03-23,1805.3,2.77,1024.0,7.81,69.5,1785.9,Cameroun,LOT-2015-12-915,29.9,6.4
2015-03-30,1875.1,3.1,1326.0,6.9,56.9,1793.3,Ghana,LOT-2015-13-907,25.3,26.9
2015-04-06,1715.1,2.19,2141.0,7.63,73.7,1787.3,Ghana,LOT-2015-14-708,29.1,9.0
2015-04-13,1741.6,2.29,1665.0,7.43,72.0,1784.1,Cameroun,LOT-2015-15-546,29.1,2.7
2015-04-20,1844.8,2.81,1155.0,8.44,65.5,1788.1,Ghana,LOT-2015-16-559,30.8,0.2
2015-04-27,1817.7,2.63,1824.0,7.72,77.3,1790.0,Côte d'Ivoire,LOT-2015-17-571,26.8,14.1
2015-05-04,1931.4,3.21,429.0,7.2,79.5,1798.3,Ghana,LOT-2015-18-819,28.8,67.0
2015-05-11,1839.6,2.69,2121.0,6.73,59.1,1800.6,Côte d'Ivoire,LOT-2015-19-469,31.6,8.3
2015-05-18,1803.5,2.49,668.0,6.8,65.9,1800.7,Ghana,LOT-2015-20-591,26.4,8.0
2015-05-25,2036.4,3.72,1159.0,6.95,65.8,1812.5,Côte d'Ivoire,LOT-2015-21-236,24.7,7.6
2015-06-01,1901.9,3.0,856.0,7.0,64.5,1816.8,Ghana,LOT-2015-22-466,24.1,13.2
2015-06-08,1924.5,3.12,798.0,8.2,78.6,1821.7,Côte d'Ivoire,LOT-2015-23-283,28.8,10.5
2015-06-15,1802.5,2.48,2131.0,7.62,70.4,1820.8,Côte d'Ivoire,LOT-2015-24-687,24.1,38.2
2015-06-22,1868.7,2.85,1111.0,7.55,69.9,1822.8,Côte d'Ivoire,LOT-2015-25-386,26.8,12.7
2015-06-29,1915.1,3.12,1539.0,6.73,56.0,1826.5,Côte d'Ivoire,LOT-2015-26-571,28.3,12.8
2015-07-06,1806.7,2.57,1315.0,8.22,77.1,1825.8,Ghana,LOT-2015-27-474,27.8,2.7
2015-07-13,1919.9,3.21,1621.0,7.95,62.1,1829.2,Ghana,LOT-2015-28-753,28.3,73.1
2015-07-20,1831.5,2.77,1381.0,6.64,72.5,1829.3,Côte d'Ivoire,LOT-2015-29-848,27.9,5.2
2015-07-27,1844.8,2.89,802.0,7.92,74.2,1829.9,Côte d'Ivoire,LOT-2015-30-636,29.8,1.4
2015-08-03,1807.6,2.73,1995.0,7.59,82.9,1832.2,Côte d'Ivoire,LOT-2015-31-610,25.8,19.6
2015-08-10,1990.7,3.77,1099.0,6.66,,1842.2,Côte d'Ivoire,LOT-2015-32-901,26.3,16.3
2015-08-17,1827.6,2.94,719.0,7.42,47.8,1844.1,Côte d'Ivoire,LOT-2015-33-678,26.1,9.7
2015-08-24,1729.8,2.47,1129.0,7.47,73.5,1839.8,Cameroun,LOT-2015-34-349,29.0,9.9
2015-08-31,1865.8,3.26,2441.0,6.83,86.4,1844.7,Côte d'Ivoire,LOT-2015-35-609,29.1,27.7
2015-09-07,1687.9,2.36,1882.0,8.39,81.9,1842.9,Côte d'Ivoire,LOT-2015-36-729,28.3,3.9
2015-09-14,1788.0,2.95,1165.0,8.2,73.7,1839.2,Côte d'Ivoire,LOT-2015-37-172,29.6,30.9
2015-09-21,1600.7,1.99,1165.0,7.84,68.1,1831.2,Côte d'Ivoire,LOT-2015-38-381,25.4,18.8
2015-09-28,1638.0,2.24,1178.0,7.42,78.5,1827.1,Côte d'Ivoire,LOT-2015-39-459,30.5,9.8
2015-10-05,1747.6,2.88,3074.0,7.32,64.2,1823.4,Ghana,LOT-2015-40-109,30.2,11.0
2015-10-12,1779.5,3.09,1561.0,7.8,75.8,1823.0,Côte d'Ivoire,LOT-2015-41-310,28.8,5.3
2015-10-19,1723.9,2.83,1591.0,7.59,76.0,1820.3,Côte d'Ivoire,LOT-2015-42-934,30.7,25.1
2015-10-26,1692.0,2.69,2023.0,6.62,80.5,1814.2,Côte d'Ivoire,LOT-2015-43-251,24.5,12.9
2015-11-02,1669.7,2.6,1474.0,7.53,94.1,1812.6,Côte d'Ivoire,LOT-2015-44-104,26.6,7.0
2015-11-09,1569.5,2.09,1208.0,8.11,75.1,1806.9,Côte d'Ivoire,LOT-2015-45-294,26.2,16.3
2015-11-16,1625.9,2.41,1238.0,7.42,67.9,1799.6,Nigéria,LOT-2015-46-382,28.8,98.2
2015-11-23,1644.0,2.51,1302.0,6.6,71.8,1793.8,Ghana,LOT-2015-47-563,25.6,10.3
2015-12-07,1708.4,2.86,1792.0,6.9,66.4,1716.7,Côte d'Ivoire,LOT-2015-49-370,30.0,7.6
2015-12-14,1542.4,1.96,1368.0,7.02,68.7,1708.0,Côte d'Ivoire,LOT-2015-50-262,28.8,1.0
2015-12-21,1713.7,2.86,1796.0,6.83,67.8,1697.3,Côte d'Ivoire,LOT-2015-51-559,,4.1
2015-12-28,1662.9,2.57,1297.0,7.16,73.2,1689.3,Ghana,LOT-2015-52-204,25.7,9.8
2016-01-04,1639.6,2.44,1382.0,8.01,65.4,1679.8,Ghana,LOT-2016-01-792,26.0,4.5
2016-01-11,1750.2,3.01,602.0,7.54,81.0,1678.1,Côte d'Ivoire,LOT-2016-02-655,29.7,0.0
2016-01-18,1792.7,3.2,1932.0,6.91,72.0,1675.5,Côte d'Ivoire,LOT-2016-03-381,28.9,44.4
2016-01-25,1794.9,3.17,1539.0,8.26,71.9,1671.5,Côte d'Ivoire,LOT-2016-04-786,27.4,33.4
2016-02-01,1664.7,2.43,1997.0,8.26,69.4,1666.8,Cameroun,LOT-2016-05-261,26.7,24.4
2016-02-08,1719.5,2.68,421.0,8.24,73.2,1660.1,Ghana,LOT-2016-06-450,23.9,3.3
2016-02-15,1783.9,2.98,3088.0,6.98,78.6,1658.5,Côte d'Ivoire,LOT-2016-07-533,25.6,2.3
2016-02-22,1849.3,3.28,1267.0,7.4,65.1,1658.7,Côte d'Ivoire,LOT-2016-08-951,30.9,1.3
2016-02-29,1747.2,2.67,2087.0,8.47,66.7,1656.7,Ghana,LOT-2016-09-239,25.2,23.2
2016-03-07,1785.1,2.82,884.0,8.04,69.6,1649.8,Côte d'Ivoire,LOT-2016-10-570,27.8,47.6
2016-03-14,1726.0,2.45,1711.0,6.55,61.2,1646.4,Côte d'Ivoire,LOT-2016-11-231,29.3,10.1
2016-03-21,1733.0,2.44,879.0,6.63,65.4,1646.5,Côte d'Ivoire,LOT-2016-12-186,25.2,2.3
2016-03-28,1907.6,3.32,1044.0,7.43,68.2,1647.9,Ghana,LOT-2016-13-787,27.8,12.9
2016-04-04,1964.3,3.58,2880.0,8.32,79.0,1657.1,Côte d'Ivoire,LOT-2016-14-282,29.2,7.7
2016-04-11,1862.4,2.98,1241.0,7.58,74.1,1659.6,Côte d'Ivoire,LOT-2016-15-467,27.5,8.5
2016-04-18,1959.9,3.46,1461.0,7.5,73.5,1671.6,Cameroun,LOT-2016-16-228,32.7,17.5
2016-04-25,1918.8,3.2,1897.0,6.71,78.8,1681.0,Côte d'Ivoire,LOT-2016-17-345,24.5,22.8
2016-05-02,1847.1,2.79,1633.0,7.81,70.9,1684.3,Côte d'Ivoire,LOT-2016-18-700,29.4,2.1
2016-05-09,1935.2,3.23,1422.0,8.14,75.1,1689.5,Côte d'Ivoire,LOT-2016-19-677,27.2,0.7
2016-05-16,2035.2,3.74,1550.0,7.26,71.2,1699.8,Côte d'Ivoire,LOT-2016-20-769,28.9,93.1
2016-05-23,1913.6,3.08,3503.0,8.05,74.1,1707.2,Ghana,LOT-2016-21-998,28.3,4.8
2016-05-30,2044.3,3.77,1309.0,8.43,67.3,1719.7,Côte d'Ivoire,LOT-2016-22-477,26.2,1.0
2016-06-06,1710.4,1.97,1452.0,6.91,52.5,1724.4,Côte d'Ivoire,LOT-2016-23-248,27.9,3.8
2016-06-13,1984.9,3.45,2039.0,7.55,70.9,1736.4,Côte d'Ivoire,LOT-2016-24-951,24.2,0.7
2016-06-20,1923.5,3.13,2084.0,7.07,83.4,1745.7,Ghana,LOT-2016-25-532,28.6,9.0
2016-06-27,1888.3,2.96,2153.0,8.09,79.4,1817.0,Ghana,LOT-2016-26-727,28.0,29.2
2016-07-04,1913.6,3.11,1729.0,7.66,79.7,1823.8,Côte d'Ivoire,LOT-2016-27-825,28.6,7.5
2016-07-11,1739.8,2.21,848.0,7.77,81.9,1830.4,Côte d'Ivoire,LOT-2016-28-568,29.4,10.6
2016-07-18,1872.2,2.95,2574.0,8.1,72.7,1835.7,Ghana,LOT-2016-29-545,28.2,20.3
2016-07-25,1908.1,3.52,847.0,7.29,73.6,1851.6,Côte d'Ivoire,LOT-2016-30-580,27.8,12.8
2016-08-01,1986.4,3.05,1512.0,8.33,67.1,1859.5,Ghana,LOT-2016-31-983,25.9,35.6
2016-08-08,1814.3,2.68,991.0,7.57,69.5,1860.2,Ghana,LOT-2016-32-393,26.2,36.2
2016-08-15,1777.9,2.72,1306.0,6.82,76.9,1859.6,Ghana,LOT-2016-33-864,29.6,0.2
2016-08-22,1788.6,3.16,1528.0,7.89,81.6,1863.8,Côte d'Ivoire,LOT-2016-34-242,30.1,27.1
2016-08-29,1887.7,3.14,1523.0,8.09,70.9,1869.4,Côte d'Ivoire,LOT-2016-35-349,27.1,11.1
2016-09-05,1826.3,2.79,1586.0,7.13,68.4,1870.8,Ghana,LOT-2016-36-977,27.6,80.9
2016-09-19,1812.3,2.95,1606.0,8.31,76.8,1873.8,Côte d'Ivoire,LOT-2016-38-124,29.6,78.0
2016-09-26,1765.2,3.14,1215.0,7.05,60.4,1873.1,Cameroun,LOT-2016-39-888,28.7,25.3
2016-10-03,1821.7,2.73,1970.0,8.47,53.6,1876.4,Cameroun,LOT-2016-40-988,31.0,5.1
2016-10-10,1675.7,2.6,2156.0,6.78,67.6,1874.4,Côte d'Ivoire,LOT-2016-41-989,25.9,13.9
2016-10-17,1694.2,2.61,820.0,6.9,62.2,1867.0,Côte d'Ivoire,LOT-2016-42-169,26.8,87.2
2016-10-24,1678.8,2.27,1701.0,6.87,67.9,1857.2,Côte d'Ivoire,LOT-2016-43-724,27.9,35.1
2016-10-31,1584.2,2.64,1773.0,8.29,70.8,1847.6,Ghana,LOT-2016-44-974,28.7,1.8
2016-11-07,1717.4,2.85,1189.0,7.81,68.4,1839.2,Cameroun,LOT-2016-45-211,27.1,22.1
2016-11-14,1708.7,2.76,2322.0,6.8,83.6,1832.0,Côte d'Ivoire,LOT-2016-46-463,25.9,7.6
2016-11-21,1683.9,2.65,1261.0,7.38,74.6,1826.4,Côte d'Ivoire,LOT-2016-47-402,29.1,0.1
2016-11-28,1662.1,2.26,1408.0,7.73,74.4,1816.9,Cameroun,LOT-2016-48-570,28.8,9.3
2016-12-05,1566.8,2.4,1250.0,6.67,77.0,1800.8,Côte d'Ivoire,LOT-2016-49-190,25.9,4.8
2016-12-12,1647.2,2.55,1348.0,8.26,62.9,1791.6,Côte d'Ivoire,LOT-2016-50-629,29.9,30.8
2016-12-19,1656.1,2.43,864.0,8.11,80.3,1778.2,Nigéria,LOT-2016-51-760,29.6,7.4
2016-12-26,1623.6,2.57,753.0,7.51,71.4,1775.2,Côte d'Ivoire,LOT-2016-52-838,27.7,31.6
2017-01-02,1827.6,3.07,2535.0,8.43,77.4,1769.8,Ghana,LOT-2017-01-825,27.6,0.0
2017-01-09,1891.6,3.62,955.0,7.34,63.4,1768.7,Côte d'Ivoire,LOT-2017-02-971,28.5,6.6
2017-01-16,2048.8,3.36,901.0,8.47,59.6,1774.2,Côte d'Ivoire,LOT-2017-03-762,25.9,5.0
2017-01-23,1887.9,3.12,566.0,7.84,78.5,1773.4,Ghana,LOT-2017-04-291,27.6,4.8
2017-01-30,1907.6,3.05,1037.0,7.77,75.0,1779.1,Côte d'Ivoire,LOT-2017-05-651,23.6,1.3
2017-02-06,1886.8,2.47,789.0,6.83,64.8,1779.6,Nigéria,LOT-2017-06-341,29.1,3.7
2017-02-13,1715.6,2.76,2583.0,8.26,65.0,1774.2,Côte d'Ivoire,LOT-2017-07-237,24.7,14.6
2017-02-20,1918.6,3.11,2006.0,7.35,81.0,1774.6,Côte d'Ivoire,LOT-2017-08-444,30.2,6.2
2017-02-27,19416.0,32.06,1017.0,6.82,62.5,2375.6,Côte d'Ivoire,LOT-2017-09-279,26.9,9.7
2017-03-06,2196.3,3.48,3298.0,6.53,85.1,2388.8,Côte d'Ivoire,LOT-2017-10-811,27.1,8.5
2017-03-13,1945.2,3.23,1984.0,7.62,64.8,2394.6,Côte d'Ivoire,LOT-2017-11-602,26.4,37.6
2017-03-20,2008.9,3.23,1176.0,7.55,77.1,2402.2,Côte d'Ivoire,LOT-2017-12-302,27.0,42.4
2017-03-27,1989.1,2.86,493.0,7.94,69.4,2405.7,Côte d'Ivoire,LOT-2017-13-672,30.1,12.2
2017-04-03,1888.9,3.39,3349.0,8.28,76.8,2407.8,Côte d'Ivoire,LOT-2017-14-291,23.0,7.2
2017-04-10,2132.5,3.67,768.0,6.66,67.6,2398.6,Ghana,LOT-2017-15-104,29.8,2.0
2017-04-17,2104.8,3.63,694.0,7.96,70.7,2408.4,Ghana,LOT-2017-16-989,28.1,55.2
2017-04-24,2118.9,3.14,2016.0,6.87,72.3,2420.2,Ghana,LOT-2017-17-336,25.3,1.1
2017-05-01,1957.8,3.58,3554.0,8.22,64.0,2424.7,Côte d'Ivoire,LOT-2017-18-792,25.6,6.4
2017-05-08,2196.5,3.12,2330.0,8.14,77.9,2442.1,Côte d'Ivoire,LOT-2017-19-410,30.5,6.4
2017-05-15,1922.0,3.28,1678.0,7.58,67.9,2449.7,Ghana,LOT-2017-20-648,25.8,7.0
2017-05-22,2125.2,4.08,1699.0,7.92,70.2,2464.6,Côte d'Ivoire,LOT-2017-21-155,25.4,3.2
2017-05-29,2288.2,3.39,1884.0,7.13,64.0,2488.0,Côte d'Ivoire,LOT-2017-22-542,29.5,27.5
2017-06-05,1970.9,3.01,1815.0,7.44,51.5,2496.5,Ghana,LOT-2017-23-336,28.1,2.4
2017-06-12,2012.5,3.28,1499.0,8.14,70.5,2506.6,Ghana,LOT-2017-24-969,25.8,18.1
2017-06-19,2076.5,3.2,1396.0,7.42,91.3,2519.7,Côte d'Ivoire,LOT-2017-25-960,27.9,2.4
2017-06-26,2011.9,2.78,1306.0,7.22,78.3,2531.3,Côte d'Ivoire,LOT-2017-26-296,25.7,1.3
2017-07-03,1901.2,3.09,991.0,7.49,71.8,2542.5,Ghana,LOT-2017-27-684,29.5,43.2
2017-07-10,2055.6,3.0,1197.0,8.16,69.9,2556.1,Côte d'Ivoire,LOT-2017-28-670,29.4,3.8
2017-07-17,1933.6,3.26,680.0,7.17,72.2,2565.4,Ghana,LOT-2017-29-851,28.5,31.0
2017-07-24,2076.9,3.07,1288.0,6.85,76.4,2580.5,Ghana,LOT-2017-30-613,28.2,14.2
2017-07-31,1926.2,3.57,902.0,7.92,62.6,2583.8,Ghana,LOT-2017-31-548,30.7,1.5
2017-08-07,2160.8,3.25,861.0,8.15,80.9,2592.7,Côte d'Ivoire,LOT-2017-32-459,27.5,56.0
2017-08-14,1914.2,2.99,1439.0,6.7,77.7,2588.2,Côte d'Ivoire,LOT-2017-33-799,25.4,5.1
2017-08-21,1946.5,3.38,2337.0,6.98,77.7,2590.2,Ghana,LOT-2017-34-918,28.3,35.3
2017-08-28,2045.8,2.93,1934.0,6.78,75.5,2594.8,Ghana,LOT-2017-35-129,31.3,3.3
2017-09-04,1826.9,3.01,715.0,7.2,72.2,2592.8,Ghana,LOT-2017-36-878,25.7,34.6
2017-09-11,1958.3,3.55,902.0,7.4,77.4,2600.9,Côte d'Ivoire,LOT-2017-37-207,26.8,0.2
2017-09-18,2052.0,2.83,1951.0,8.0,76.7,2605.3,Côte d'Ivoire,LOT-2017-38-943,28.2,12.9
2017-09-25,1746.7,2.87,904.0,7.8,69.2,2016.4,Cameroun,LOT-2017-39-701,27.4,26.4
2017-10-02,1912.7,3.16,1224.0,7.74,67.4,2006.9,Ghana,LOT-2017-40-816,25.7,49.1
2017-10-09,1907.8,3.31,1669.0,7.2,72.8,2005.7,Cameroun,LOT-2017-41-990,29.5,43.2
2017-10-16,1948.6,2.77,909.0,8.18,84.4,2003.6,Ghana,LOT-2017-42-544,31.7,30.8
2017-10-23,1736.5,2.4,1397.0,7.44,62.1,1995.2,Côte d'Ivoire,LOT-2017-43-992,27.9,39.4
2017-10-30,1719.2,2.93,786.0,8.46,60.3,1989.6,Ghana,LOT-2017-44-537,25.9,4.0
2017-11-06,1895.9,3.15,1053.0,7.77,73.3,1981.7,Cameroun,LOT-2017-45-831,24.7,6.0
2017-11-13,1867.5,3.09,1522.0,,72.4,1973.8,Côte d'Ivoire,LOT-2017-46-989,28.0,6.1
2017-11-20,1858.5,3.1,708.0,7.85,73.4,1965.1,Ghana,LOT-2017-47-705,29.5,8.5
2017-11-27,1865.5,2.8,1597.0,7.15,74.0,1962.0,Côte d'Ivoire,LOT-2017-48-556,28.4,9.0
2017-12-04,1762.0,2.91,1329.0,7.87,70.2,1947.5,Côte d'Ivoire,LOT-2017-49-714,27.5,14.2
2017-12-11,1854.1,3.08,1671.0,6.64,83.9,1945.3,Ghana,LOT-2017-50-834,26.4,3.1
2017-12-18,1862.8,2.79,1465.0,6.85,59.2,1936.5,Côte d'Ivoire,LOT-2017-51-797,25.5,21.2
2017-12-25,1766.4,3.41,2312.0,8.21,65.4,1919.1,Côte d'Ivoire,LOT-2017-52-795,29.0,3.3
2018-01-01,2030.3,3.42,1408.0,6.95,71.2,1921.1,Côte d'Ivoire,LOT-2018-01-594,29.1,6.7
2018-01-08,1898.6,2.7,1128.0,8.17,58.9,1917.3,Côte d'Ivoire,LOT-2018-02-773,24.7,12.6
2018-01-15,1741.0,3.01,1407.0,7.06,70.6,1906.1,Côte d'Ivoire,LOT-2018-03-346,30.4,28.7
2018-01-22,1936.1,2.83,1665.0,7.79,85.3,1903.6,Côte d'Ivoire,LOT-2018-04-642,28.5,24.2
2018-01-29,1784.4,3.11,1366.0,7.89,72.2,1899.7,Cameroun,LOT-2018-05-663,30.0,18.7
2018-02-05,1972.9,3.53,1361.0,7.53,73.8,1897.0,Côte d'Ivoire,LOT-2018-06-956,25.1,3.0
2018-02-12,2023.3,3.02,1012.0,7.11,61.9,1899.9,Côte d'Ivoire,LOT-2018-07-687,25.0,14.3
2018-02-19,1839.2,3.26,1027.0,6.93,67.1,1892.0,Côte d'Ivoire,LOT-2018-08-996,27.2,1.6
2018-02-26,2031.9,3.4,764.0,6.57,69.0,1895.5,Ghana,LOT-2018-09-538,28.4,8.5
2018-03-05,1991.3,3.46,2697.0,7.11,69.5,1889.9,Côte d'Ivoire,LOT-2018-10-377,30.7,9.6
2018-03-12,2046.7,3.87,814.0,7.81,82.3,1894.3,Ghana,LOT-2018-11-651,28.8,0.7
2018-03-19,2168.4,3.42,1015.0,8.38,76.5,1901.7,Ghana,LOT-2018-12-712,27.1,5.8
2018-03-26,1968.0,2.95,1005.0,8.24,63.1,1899.1,Ghana,LOT-2018-13-210,25.7,56.1
2018-04-02,1930.4,2.85,1916.0,8.03,74.0,1902.6,Côte d'Ivoire,LOT-2018-14-484,29.7,55.3
2018-04-09,1929.2,2.87,1190.0,8.08,76.0,1901.6,Ghana,LOT-2018-15-932,25.8,7.8
2018-04-16,1948.0,3.12,2206.0,7.83,81.1,1898.1,Côte d'Ivoire,LOT-2018-16-860,30.4,0.8
2018-04-23,2032.1,3.38,1023.0,7.02,84.6,1907.6,Cameroun,LOT-2018-17-290,27.0,3.6
2018-04-30,2082.9,3.44,1498.0,8.31,63.9,1913.3,Ghana,LOT-2018-18-589,30.4,9.0
2018-05-07,2083.9,3.61,959.0,7.84,65.5,1919.2,Côte d'Ivoire,LOT-2018-19-793,28.7,53.1
2018-05-14,2144.9,3.46,3159.0,7.62,61.9,1925.7,Côte d'Ivoire,LOT-2018-20-525,27.3,2.7
2018-05-21,2067.8,3.77,833.0,6.72,70.1,1936.8,Côte d'Ivoire,LOT-2018-21-504,26.6,26.0
2018-05-28,2214.5,3.49,1516.0,7.39,75.7,1953.3,Ghana,LOT-2018-22-434,26.9,2.1
2018-06-04,2043.5,4.11,1726.0,,79.9,1958.2,Côte d'Ivoire,LOT-2018-23-308,28.3,71.6
2018-06-11,2341.1,3.96,1581.0,8.23,71.4,1974.0,Côte d'Ivoire,LOT-2018-24-121,27.6,8.7
2018-06-18,2129.1,3.18,1244.0,7.59,69.4,1983.0,Côte d'Ivoire,LOT-2018-25-777,26.4,26.9
2018-06-25,1976.5,2.87,1272.0,7.26,73.2,1986.7,Ghana,LOT-2018-26-710,27.2,7.6
2018-07-02,1949.2,3.29,1363.0,8.45,65.3,1993.0,Ghana,LOT-2018-27-307,27.6,17.8
2018-07-09,2097.0,3.32,1263.0,6.72,88.7,2001.0,Ghana,LOT-2018-28-107,23.7,3.8
2018-07-16,2017.5,3.47,1970.0,7.35,59.1,2006.2,Ghana,LOT-2018-29-801,28.3,2.8
2018-07-23,2101.0,3.53,3243.0,6.58,73.5,2017.4,Côte d'Ivoire,LOT-2018-30-786,25.7,50.1
2018-07-30,2065.5,3.31,1072.0,7.98,88.2,2018.5,Côte d'Ivoire,LOT-2018-31-884,25.4,44.9
2018-08-06,1998.5,2.97,774.0,8.34,72.1,2021.9,Ghana,LOT-2018-32-628,24.5,39.3
2018-08-13,1907.9,2.62,1293.0,7.06,70.5,2027.4,Côte d'Ivoire,LOT-2018-33-701,24.3,17.7
2018-08-20,1827.2,2.81,3759.0,8.22,69.1,2023.8,Côte d'Ivoire,LOT-2018-34-752,25.1,29.7
2018-08-27,1919.8,3.35,971.0,7.08,70.6,2028.3,Côte d'Ivoire,LOT-2018-35-756,26.2,1.3
2018-09-03,2035.6,3.35,2580.0,8.32,83.0,2030.4,Côte d'Ivoire,LOT-2018-36-265,31.0,7.3
2018-09-10,1956.9,2.78,2620.0,8.01,54.3,2028.2,Côte d'Ivoire,LOT-2018-37-948,26.6,6.8
2018-09-17,1796.7,2.95,1073.0,8.11,84.3,2026.8,Cameroun,LOT-2018-38-595,27.8,18.2
2018-09-24,1924.8,3.22,1682.0,6.54,60.6,2023.2,Côte d'Ivoire,LOT-2018-39-689,28.2,7.9
2018-10-01,1932.8,2.85,2569.0,8.43,69.9,2021.2,Côte d'Ivoire,LOT-2018-40-528,27.7,2.9
2018-10-08,1793.4,2.94,1151.0,7.95,68.6,2012.8,Côte d'Ivoire,LOT-2018-41-873,27.4,16.3
2018-10-15,1885.8,3.06,1235.0,7.11,76.7,2003.4,Ghana,LOT-2018-42-262,25.3,30.3
2018-10-29,1736.9,2.91,893.0,7.06,75.7,1931.3,Cameroun,LOT-2018-44-625,30.8,2.6
2018-11-05,1879.5,3.2,1033.0,8.25,88.2,1929.7,Cameroun,LOT-2018-45-338,24.5,3.9
2018-11-12,1893.9,3.37,821.0,6.73,61.1,1922.8,Côte d'Ivoire,LOT-2018-46-171,25.7,4.9
2018-11-19,1941.8,2.72,1358.0,7.91,73.5,1918.1,Cameroun,LOT-2018-47-544,27.0,6.4
2018-11-26,1936.3,2.84,984.0,7.58,66.7,1913.2,Nigéria,LOT-2018-48-754,25.8,18.5
2018-12-03,1692.2,2.88,1471.0,6.69,75.4,1898.1,Ghana,LOT-2018-49-921,28.4,16.5
2018-12-10,1737.1,2.96,719.0,6.98,72.2,1887.0,Ghana,LOT-2018-50-608,26.2,21.4
2018-12-17,1885.0,3.19,1529.0,6.52,66.9,1876.1,Côte d'Ivoire,LOT-2018-51-894,31.4,8.1
2018-12-24,1889.2,4.2,1869.0,7.44,75.9,1870.9,Côte d'Ivoire,LOT-2018-52-368,29.6,31.3
2018-12-31,1895.3,3.23,603.0,7.1,86.4,1856.1,Côte d'Ivoire,LOT-2019-01-852,27.9,4.1
2019-01-07,2236.5,3.95,1556.0,7.7,70.5,1859.6,Côte d'Ivoire,LOT-2019-02-514,29.3,11.4
2019-01-14,1917.3,3.38,2189.0,7.09,,1857.7,Nigéria,LOT-2019-03-344,29.5,29.1
2019-01-21,1984.0,3.4,826.0,7.1,61.7,1858.8,Côte d'Ivoire,LOT-2019-04-774,26.5,3.6
2019-01-28,1977.2,3.09,2615.0,7.99,64.3,1854.8,Ghana,LOT-2019-05-159,26.0,2.1
2019-02-04,1959.4,3.39,1584.0,6.6,75.8,1852.9,Ghana,LOT-2019-06-105,27.6,38.7
2019-02-11,1875.9,2.79,1010.0,8.31,83.9,1845.4,Cameroun,LOT-2019-07-808,29.1,7.6
2019-02-18,1997.2,3.15,1310.0,8.2,74.8,1843.1,Nigéria,LOT-2019-08-669,27.8,20.7
2019-02-25,1858.3,2.85,1675.0,7.84,69.5,1838.4,Côte d'Ivoire,LOT-2019-09-916,24.7,0.5
2019-03-04,1926.3,3.13,1381.0,7.69,72.0,1839.1,Côte d'Ivoire,LOT-2019-10-506,26.1,21.1
2019-03-11,1915.9,3.78,1662.0,8.28,62.0,1842.0,Côte d'Ivoire,LOT-2019-11-316,27.4,6.8
2019-03-18,1986.9,2.64,927.0,6.87,76.8,1844.3,Côte d'Ivoire,LOT-2019-12-125,27.4,1.0
2019-03-25,2224.0,3.79,1433.0,6.66,79.1,1850.5,Côte d'Ivoire,LOT-2019-13-914,31.1,16.9
2019-04-01,1819.0,2.45,761.0,6.98,68.4,1845.9,Côte d'Ivoire,LOT-2019-14-104,25.0,5.0
2019-04-08,2086.8,3.22,1281.0,8.09,68.2,1855.6,Ghana,LOT-2019-15-631,28.4,8.8
2019-04-15,1868.3,3.34,933.0,6.57,74.1,1853.7,Côte d'Ivoire,LOT-2019-16-489,30.2,1.5
2019-04-22,1992.6,3.23,998.0,7.67,68.5,1855.7,Côte d'Ivoire,LOT-2019-17-809,31.6,2.9
2019-04-29,2157.7,3.16,2196.0,8.49,71.5,1867.9,Ghana,LOT-2019-18-670,26.8,6.4
2019-05-06,2062.7,3.11,2073.0,8.21,88.8,1873.8,Côte d'Ivoire,LOT-2019-19-547,28.4,1.7
2019-05-13,1954.4,3.36,1709.0,7.54,70.0,1938.9,Côte d'Ivoire,LOT-2019-20-853,28.5,43.5
2019-05-20,1995.0,3.0,865.0,6.63,69.1,1947.5,Ghana,LOT-2019-21-245,27.9,0.1
2019-05-27,2137.1,3.51,1180.0,8.16,66.8,1956.1,Ghana,LOT-2019-22-487,27.3,11.9
2019-06-03,1997.0,3.23,2176.0,7.7,78.0,1960.0,Ghana,LOT-2019-23-884,28.3,2.4
2019-06-10,2090.8,3.18,1418.0,6.73,70.6,1966.6,Côte d'Ivoire,LOT-2019-24-348,22.9,6.6
2019-06-17,2071.1,3.98,3387.0,6.69,66.8,1970.9,Ghana,LOT-2019-25-625,28.7,46.9
2019-06-24,1997.0,3.41,1568.0,8.32,82.6,1972.9,Ghana,LOT-2019-26-561,27.7,3.2
2019-07-01,2270.6,3.05,1446.0,7.84,83.4,1992.2,Côte d'Ivoire,LOT-2019-27-112,27.1,60.8
2019-07-08,2112.1,3.46,1184.0,8.16,67.2,2004.7,Ghana,LOT-2019-28-483,31.2,4.1
2019-07-15,1837.3,2.76,1413.0,8.26,57.1,2003.1,Cameroun,LOT-2019-29-655,26.3,24.4
2019-07-22,2048.2,3.56,1260.0,7.64,80.1,2008.4,Côte d'Ivoire,LOT-2019-30-986,26.8,14.2
2019-07-29,1952.0,2.91,1778.0,7.53,66.5,2010.3,Côte d'Ivoire,LOT-2019-31-498,31.1,38.8
2019-08-05,2091.0,3.34,1964.0,7.36,78.3,2005.4,Nigéria,LOT-2019-32-118,26.0,14.5
2019-08-12,1913.3,3.24,978.0,7.13,56.2,2005.3,Ghana,LOT-2019-33-674,26.5,13.8
2019-08-19,1967.2,3.43,786.0,7.37,79.1,2004.7,Côte d'Ivoire,LOT-2019-34-590,27.2,3.9
2019-08-26,2015.0,2.89,643.0,8.05,62.3,2006.0,Ghana,LOT-2019-35-850,29.0,3.3
2019-09-02,2036.6,3.18,1641.0,7.7,77.8,2008.6,Côte d'Ivoire,LOT-2019-36-518,27.9,44.7
2019-09-09,1815.5,2.79,861.0,8.29,72.1,2006.6,Côte d'Ivoire,LOT-2019-37-436,25.2,7.2
2019-09-16,1887.8,2.85,566.0,7.39,64.4,2002.9,Côte d'Ivoire,LOT-2019-38-518,26.5,8.4
2019-09-23,1860.0,3.53,1565.0,7.71,68.7,2003.0,Cameroun,LOT-2019-39-711,26.4,25.7
2019-09-30,1828.9,3.07,3631.0,7.76,77.5,1999.7,Cameroun,LOT-2019-40-774,27.4,7.4
2019-10-07,2058.4,2.94,1336.0,7.68,72.8,2004.5,Côte d'Ivoire,LOT-2019-41-221,28.3,54.7
2019-10-14,1910.9,3.36,1873.0,7.91,76.7,2001.9,Côte d'Ivoire,LOT-2019-42-531,28.3,24.1
2019-10-21,1734.1,3.43,1384.0,6.97,87.8,1985.6,Côte d'Ivoire,LOT-2019-43-143,24.3,16.4
2019-10-28,1943.0,3.44,1287.0,7.52,59.5,1989.7,Nigéria,LOT-2019-44-971,29.4,38.3
2019-11-04,2056.0,2.86,1935.0,6.71,84.9,1988.7,Nigéria,LOT-2019-45-416,28.0,0.9
2019-11-11,1941.0,2.99,1193.0,7.27,72.8,1991.1,Ghana,LOT-2019-46-480,30.0,5.3
2019-11-18,1681.5,3.09,1491.0,7.48,64.8,1980.8,Ghana,LOT-2019-47-244,28.3,11.3
2019-11-25,1782.5,2.66,1523.0,7.8,61.4,1968.3,Ghana,LOT-2019-48-426,29.5,4.6
2019-12-02,1956.7,3.29,1025.0,8.4,70.5,1964.7,Côte d'Ivoire,LOT-2019-49-462,28.3,24.5
2019-12-09,1760.1,3.07,1992.0,7.7,79.4,1958.3,Côte d'Ivoire,LOT-2019-50-149,29.9,45.3
2019-12-16,1877.9,2.75,1249.0,7.99,71.0,1954.4,Côte d'Ivoire,LOT-2019-51-164,28.4,9.9
2019-12-23,1915.3,3.07,990.0,7.51,84.1,1947.0,Ghana,LOT-2019-52-454,27.3,7.5
2019-12-30,1751.1,1.85,1660.0,7.77,60.4,1938.8,Ghana,LOT-2020-01-899,31.6,58.7
2020-01-06,1644.1,2.34,935.0,6.64,71.9,1923.9,Côte d'Ivoire,LOT-2020-02-263,29.1,10.6
2020-01-13,1271.2,1.97,1355.0,7.01,62.0,1897.2,Cameroun,LOT-2020-03-240,28.5,12.1
2020-01-20,1547.5,2.12,1335.0,7.22,74.9,1882.2,Côte d'Ivoire,LOT-2020-04-925,25.2,7.8
2020-01-27,1651.5,3.15,2068.0,7.44,79.1,1861.6,Côte d'Ivoire,LOT-2020-05-227,25.2,43.3
2020-02-03,1544.5,2.06,1620.0,6.59,68.6,1842.7,Ghana,LOT-2020-06-497,28.0,15.1
2020-02-10,1903.3,2.94,1326.0,6.78,51.2,1844.9,Ghana,LOT-2020-07-979,27.8,25.9
2020-02-17,1549.7,2.54,9999999.0,7.05,73.6,1828.3,Ghana,LOT-2020-08-562,26.4,30.1
2020-02-24,1682.7,3.15,2336.0,8.44,75.5,1819.3,Côte d'Ivoire,LOT-2020-09-850,27.8,7.5
2020-03-02,1765.7,2.42,1674.0,7.16,75.2,1808.4,Côte d'Ivoire,LOT-2020-10-935,30.4,10.2
2020-03-09,1937.4,3.47,1345.0,7.46,81.9,1809.2,Ghana,LOT-2020-11-907,28.8,34.0
2020-03-16,1606.4,2.59,793.0,6.89,63.4,1797.2,Côte d'Ivoire,LOT-2020-12-286,25.4,8.1
2020-03-23,1932.1,2.82,875.0,7.72,77.4,1794.4,Côte d'Ivoire,LOT-2020-13-819,27.3,28.4
2020-03-30,1807.0,3.05,1185.0,7.06,81.5,1786.8,Ghana,LOT-2020-14-831,26.1,50.9
2020-04-06,1700.4,2.8,1050.0,6.91,57.8,1783.0,Côte d'Ivoire,LOT-2020-15-289,26.8,17.6
2020-04-13,1885.0,2.86,1243.0,7.53,74.6,1782.9,Ghana,LOT-2020-16-487,26.8,24.4
2020-04-20,1863.7,3.03,1370.0,6.51,68.0,1783.0,Ghana,LOT-2020-17-528,26.6,29.4
2020-04-27,1776.7,2.75,,6.52,71.3,1781.2,Côte d'Ivoire,LOT-2020-18-957,25.2,33.6
2020-05-04,1864.6,3.04,1302.0,6.94,74.8,1774.8,Côte d'Ivoire,LOT-2020-19-383,27.3,9.0
2020-05-11,1816.0,3.13,1627.0,6.57,68.1,1771.6,Ghana,LOT-2020-20-963,26.5,0.9
2020-05-18,1880.1,3.51,1374.0,6.72,66.6,1776.5,Ghana,LOT-2020-21-336,22.2,9.3
2020-05-25,1948.6,2.77,608.0,7.18,72.3,1776.7,Ghana,LOT-2020-22-293,31.2,20.2
2020-06-01,2060.3,3.96,920.0,8.11,63.3,1776.8,Ghana,LOT-2020-23-386,29.5,10.8
2020-06-08,1720.6,2.19,1264.0,7.64,63.3,1769.5,Ghana,LOT-2020-24-870,26.8,24.9
2020-06-15,2122.5,3.38,826.0,7.53,77.4,1784.2,Nigéria,LOT-2020-25-857,27.5,7.9
2020-06-22,1628.0,2.8,1703.0,7.09,62.8,1779.0,Côte d'Ivoire,LOT-2020-26-235,25.4,18.1
2020-06-29,1838.0,3.05,2471.0,8.36,77.3,1775.1,Côte d'Ivoire,LOT-2020-27-891,30.6,3.7
2020-07-06,1919.4,2.91,2181.0,7.29,75.7,1780.4,Côte d'Ivoire,LOT-2020-28-882,30.9,24.9
2020-07-13,1873.5,2.96,1230.0,6.67,58.2,1780.2,Côte d'Ivoire,LOT-2020-29-270,27.8,14.2
2020-07-20,1754.9,2.68,2432.0,7.73,66.6,1774.9,Côte d'Ivoire,LOT-2020-30-258,29.3,4.1
2020-07-27,1793.2,2.72,1421.0,6.73,81.6,1776.3,Côte d'Ivoire,LOT-2020-31-300,27.8,6.2
2020-08-03,1746.6,3.07,1170.0,7.19,64.2,1779.7,Cameroun,LOT-2020-32-586,25.1,24.9
2020-08-10,1721.8,2.88,1048.0,7.51,68.3,1794.7,Côte d'Ivoire,LOT-2020-33-656,26.8,11.9
2020-08-17,1880.7,2.83,1187.0,8.25,75.7,1805.8,Côte d'Ivoire,LOT-2020-34-875,27.7,4.4
2020-08-24,1807.3,3.18,1147.0,7.49,78.3,1811.0,Côte d'Ivoire,LOT-2020-35-682,26.7,61.6
2020-08-31,1666.9,2.78,1434.0,7.9,70.0,1815.1,Côte d'Ivoire,LOT-2020-36-603,27.1,22.6
2020-09-07,1843.5,3.22,1428.0,8.49,67.2,1813.1,Côte d'Ivoire,LOT-2020-37-975,27.3,56.7
2020-09-14,1758.2,3.02,1341.0,6.76,83.4,1820.1,Côte d'Ivoire,LOT-2020-38-470,27.4,10.0
2020-09-21,1805.0,2.66,1595.0,7.05,85.9,1824.1,Côte d'Ivoire,LOT-2020-39-202,27.6,11.6
2020-09-28,1769.8,2.69,2157.0,7.29,79.8,1824.3,Ghana,LOT-2020-40-224,25.6,41.1
2020-10-05,1582.4,2.78,1958.0,7.34,72.7,1812.4,Cameroun,LOT-2020-41-412,26.2,13.4
2020-10-12,1603.2,2.77,740.0,7.32,65.5,1812.3,Cameroun,LOT-2020-42-897,25.2,22.1
2020-10-19,1749.9,2.82,482.0,8.32,65.4,1806.3,Ghana,LOT-2020-43-557,29.3,5.2
2020-10-26,1724.5,2.82,1946.0,7.93,76.2,1803.5,Côte d'Ivoire,LOT-2020-44-329,23.7,10.7
2020-11-02,1641.2,3.03,775.0,7.72,75.3,1801.5,Cameroun,LOT-2020-45-757,29.6,2.4
2020-11-09,1651.9,2.49,1224.0,7.12,83.2,1793.8,Cameroun,LOT-2020-46-981,30.0,4.2
2020-11-16,1786.8,3.05,839.0,8.15,77.2,1791.2,Côte d'Ivoire,LOT-2020-47-296,27.0,0.0
2020-11-23,1559.9,2.46,651.0,8.41,60.0,1784.0,Ghana,LOT-2020-48-984,22.8,0.7
2020-11-30,1695.7,2.67,1663.0,8.14,80.4,1778.3,Côte d'Ivoire,LOT-2020-49-832,26.8,68.1
2020-12-07,1606.6,2.92,1815.0,6.5,64.0,1771.4,Ghana,LOT-2020-50-522,27.4,5.0
2020-12-14,1607.4,2.84,1064.0,7.77,68.9,1762.3,Nigéria,LOT-2020-51-671,25.7,19.6
2020-12-21,1769.7,3.1,475.0,6.6,74.0,1756.3,Côte d'Ivoire,LOT-2020-52-709,26.6,32.9
2020-12-28,1742.8,3.2,1077.0,7.02,88.0,1745.7,Cameroun,LOT-2021-01-270,30.3,14.4
2021-01-04,2083.2,3.37,1567.0,6.62,96.9,1757.8,Ghana,LOT-2021-02-481,28.7,3.0
2021-01-11,2144.8,3.66,741.0,7.71,76.9,1758.6,Nigéria,LOT-2021-03-272,25.8,23.4
2021-01-18,2012.5,3.15,1441.0,7.87,70.5,1771.4,Côte d'Ivoire,LOT-2021-04-762,24.6,16.5
2021-01-25,2095.4,3.48,1331.0,6.73,76.3,1780.0,Ghana,LOT-2021-05-552,26.9,23.7
2021-02-01,1997.7,3.18,1689.0,7.27,79.1,1782.6,Côte d'Ivoire,LOT-2021-06-449,27.1,26.4
2021-02-08,2079.9,3.38,1405.0,7.41,69.4,1789.4,Côte d'Ivoire,LOT-2021-07-733,28.4,66.7
2021-02-15,2043.1,3.47,908.0,7.24,86.4,1799.1,Côte d'Ivoire,LOT-2021-08-593,26.5,15.3
2021-02-22,2082.0,3.11,2162.0,6.74,73.8,1808.7,Nigéria,LOT-2021-09-719,28.4,7.5
2021-03-01,2151.0,4.1,1257.0,7.34,76.0,1822.2,Ghana,LOT-2021-10-103,31.0,18.8
2021-03-08,2010.0,2.94,1325.0,8.0,77.3,1831.8,Cameroun,LOT-2021-11-192,29.0,1.3
2021-03-15,2344.6,3.42,922.0,6.64,75.4,1847.2,Cameroun,LOT-2021-12-105,27.4,41.0
2021-03-22,2018.1,3.6,1122.0,6.66,78.7,1854.3,Côte d'Ivoire,LOT-2021-13-387,27.2,2.3
2021-03-29,2009.0,3.48,940.0,7.21,67.1,1865.7,Côte d'Ivoire,LOT-2021-14-717,26.9,7.2
2021-04-05,2283.2,3.87,1250.0,8.38,67.5,1880.3,Côte d'Ivoire,LOT-2021-15-245,29.6,30.4
2021-04-12,2255.3,3.83,2656.0,7.84,63.2,1896.9,Côte d'Ivoire,LOT-2021-16-882,26.4,16.4
2021-04-19,2248.2,3.62,774.0,7.86,75.5,1911.7,Côte d'Ivoire,LOT-2021-17-523,27.6,9.0
2021-04-26,2258.9,3.37,702.0,7.22,78.2,1928.0,Côte d'Ivoire,LOT-2021-18-989,27.6,11.5
2021-05-03,2197.4,3.57,2413.0,7.69,75.7,1948.5,Côte d'Ivoire,LOT-2021-19-707,26.6,34.7
2021-05-10,2107.6,3.2,1232.0,6.52,85.4,1965.3,Côte d'Ivoire,LOT-2021-20-556,25.0,7.5
2021-05-17,2220.5,3.87,1025.0,7.77,72.0,1981.0,Côte d'Ivoire,LOT-2021-21-840,28.1,36.7
2021-05-24,2142.0,3.41,2030.0,95.0,77.3,1994.9,Côte d'Ivoire,LOT-2021-22-301,27.4,1.7
2021-05-31,2326.4,3.5,1051.0,7.73,63.3,2017.7,Nigéria,LOT-2021-23-311,28.4,27.0
2021-06-07,2203.8,3.46,2781.0,8.25,68.9,2036.1,Ghana,LOT-2021-24-105,26.5,33.9
2021-06-14,2128.3,3.56,1757.0,7.95,77.6,2047.5,Nigéria,LOT-2021-25-723,29.7,3.6
2021-06-21,2181.2,3.35,1102.0,6.74,78.8,2068.2,Côte d'Ivoire,LOT-2021-26-475,25.9,10.1
2021-06-28,2257.6,3.39,3175.0,8.3,69.6,2086.9,Côte d'Ivoire,LOT-2021-27-990,30.6,3.3
2021-07-05,2144.2,3.53,1051.0,6.63,71.4,2104.9,Ghana,LOT-2021-28-546,24.4,22.1
2021-07-12,2108.3,3.47,1802.0,7.57,59.9,2121.6,Côte d'Ivoire,LOT-2021-29-934,28.3,13.8
2021-07-19,2216.6,3.42,1510.0,6.78,69.1,2136.5,Côte d'Ivoire,LOT-2021-30-205,28.4,18.2
2021-07-26,2206.5,3.42,2255.0,6.52,79.1,2151.9,Côte d'Ivoire,LOT-2021-31-750,26.1,3.9
2021-08-02,2112.4,3.48,2501.0,7.34,76.6,2152.9,Côte d'Ivoire,LOT-2021-32-910,28.3,4.3
2021-08-09,2104.0,2.96,1357.0,7.09,76.0,2151.5,Côte d'Ivoire,LOT-2021-33-500,29.8,0.8
2021-08-16,2168.1,3.07,991.0,7.47,72.4,2156.7,Côte d'Ivoire,LOT-2021-34-195,23.5,7.0
2021-08-23,1969.4,2.96,1610.0,7.65,72.1,2152.5,Ghana,LOT-2021-35-487,28.4,14.8
2021-08-30,1959.6,3.1,1021.0,6.59,66.7,2151.2,Côte d'Ivoire,LOT-2021-36-551,23.0,35.1
2021-09-06,2021.0,3.35,2997.0,6.75,77.6,2149.3,Côte d'Ivoire,LOT-2021-37-948,25.8,19.8
2021-09-13,2062.1,3.77,1415.0,7.62,75.4,2149.9,Ghana,LOT-2021-38-908,30.4,10.3
2021-09-20,2105.5,3.65,1157.0,7.19,75.9,2150.7,Côte d'Ivoire,LOT-2021-39-515,26.5,55.1
2021-09-27,2219.7,3.57,1442.0,7.96,67.8,2156.2,Côte d'Ivoire,LOT-2021-40-825,25.4,22.9
2021-10-04,2138.6,3.15,781.0,7.8,54.8,2149.3,Cameroun,LOT-2021-41-603,27.1,47.9
2021-10-11,2014.2,3.24,908.0,8.19,80.8,2149.2,Côte d'Ivoire,LOT-2021-42-553,31.2,13.5
2021-10-18,2018.3,3.17,2165.0,7.88,68.2,2149.5,Côte d'Ivoire,LOT-2021-43-390,24.2,5.4
2021-10-25,1899.9,3.16,1030.0,7.36,65.1,2136.7,Côte d'Ivoire,LOT-2021-44-633,25.6,1.0
2021-11-01,1999.2,2.98,881.0,7.85,77.5,2128.2,Côte d'Ivoire,LOT-2021-45-292,30.2,23.3
2021-11-08,1962.0,3.32,1660.0,7.05,68.9,2118.6,Côte d'Ivoire,LOT-2021-46-249,30.8,2.3
2021-11-15,2023.3,3.72,2152.0,7.11,80.5,2110.8,Ghana,LOT-2021-47-979,27.3,6.5
2021-11-22,1892.5,3.02,1786.0,8.08,76.9,2100.6,Côte d'Ivoire,LOT-2021-48-858,25.3,13.7
2021-11-29,2038.0,3.41,1995.0,7.39,77.5,2098.3,Côte d'Ivoire,LOT-2021-49-878,31.3,15.0
2021-12-13,1968.9,3.06,758.0,8.14,81.7,2088.1,Côte d'Ivoire,LOT-2021-51-614,28.7,3.3
2021-12-20,2027.7,3.34,2442.0,8.22,74.1,2077.8,Ghana,LOT-2021-52-492,26.0,8.6
2021-12-27,2063.7,3.33,1177.0,8.33,69.0,2073.0,Côte d'Ivoire,LOT-2022-01-415,27.4,17.3
2022-01-03,1949.6,3.17,1212.0,7.36,73.1,2066.8,Côte d'Ivoire,LOT-2022-02-175,27.2,63.0
2022-01-10,2025.9,3.04,2279.0,7.14,57.8,2061.5,Côte d'Ivoire,LOT-2022-03-698,28.1,23.4
2022-01-17,2011.6,3.25,1673.0,7.66,75.3,2053.0,Côte d'Ivoire,LOT-2022-04-369,30.1,46.1
2022-01-24,2031.2,3.43,1607.0,7.24,63.8,2049.1,Côte d'Ivoire,LOT-2022-05-324,29.1,25.9
2022-01-31,1946.8,3.58,3184.0,7.7,61.2,2043.5,Ghana,LOT-2022-06-629,25.6,16.1
2022-02-07,2046.9,3.59,1035.0,7.91,59.8,2037.7,Côte d'Ivoire,LOT-2022-07-212,30.0,3.8
2022-02-14,2112.2,4.05,1941.0,7.88,80.9,2034.4,Côte d'Ivoire,LOT-2022-08-350,28.1,19.8
2022-02-21,2230.9,3.37,1370.0,7.25,67.0,2038.5,Côte d'Ivoire,LOT-2022-09-332,28.7,17.6
2022-02-28,2191.1,3.8,1491.0,6.83,84.3,2041.5,Ghana,LOT-2022-10-940,30.1,16.6
2022-03-07,2336.9,3.82,2469.0,7.36,67.7,2047.3,Côte d'Ivoire,LOT-2022-11-890,25.5,12.1
2022-03-14,2030.1,3.93,1641.0,6.79,58.3,2049.4,Ghana,LOT-2022-12-813,27.4,13.5
2022-03-21,2224.7,3.35,1661.0,8.28,63.1,2058.6,Ghana,LOT-2022-13-182,26.5,7.3
2022-03-28,2162.7,3.24,2057.0,7.19,81.9,2063.4,Cameroun,LOT-2022-14-224,24.7,13.2
2022-04-04,2396.6,3.69,1158.0,6.81,70.8,2075.0,Côte d'Ivoire,LOT-2022-15-274,28.1,4.0
2022-04-11,2079.3,2.72,957.0,6.55,67.6,2074.1,Côte d'Ivoire,LOT-2022-16-168,32.0,29.4
2022-04-18,2087.2,3.21,882.0,7.79,73.3,2073.4,Ghana,LOT-2022-17-146,24.2,3.7
2022-04-25,2123.9,3.2,610.0,7.77,76.0,2070.1,Nigéria,LOT-2022-18-983,27.4,1.6
2022-05-02,1965.1,3.21,3049.0,7.18,80.9,2064.2,Cameroun,LOT-2022-19-355,28.7,10.3
2022-05-09,2148.4,3.57,862.0,6.64,83.6,2068.8,Côte d'Ivoire,LOT-2022-20-826,27.7,19.3
2022-05-16,2128.7,4.0,1226.0,7.32,69.1,2072.6,Côte d'Ivoire,LOT-2022-21-129,27.3,10.4
2022-05-23,2233.1,3.89,1199.0,7.12,61.4,2084.1,Côte d'Ivoire,LOT-2022-22-380,25.2,5.8
2022-05-30,2256.7,3.47,1515.0,7.85,68.7,2093.0,Ghana,LOT-2022-23-336,27.9,14.7
2022-06-06,2426.4,3.64,1856.0,7.71,74.1,2109.0,Côte d'Ivoire,LOT-2022-24-347,26.1,7.7
2022-06-13,2323.7,3.9,1890.0,7.23,64.3,2119.3,Côte d'Ivoire,LOT-2022-25-467,23.6,48.6
2022-06-20,2153.1,3.08,1061.0,6.94,64.3,2128.3,Ghana,LOT-2022-26-594,29.7,46.1
2022-06-27,2113.4,3.96,1253.0,8.48,74.8,2130.9,Côte d'Ivoire,LOT-2022-27-124,29.2,12.6
2022-07-04,2260.4,4.0,1500.0,7.41,71.6,2135.2,Cameroun,LOT-2022-28-685,27.6,7.2
2022-07-11,2053.5,3.17,1213.0,7.88,72.3,2138.0,Côte d'Ivoire,LOT-2022-29-817,27.9,24.0
2022-07-18,2391.3,3.34,2548.0,6.78,65.9,2150.2,Côte d'Ivoire,LOT-2022-30-589,29.4,0.7
2022-07-25,2309.3,4.13,1630.0,7.47,70.2,2158.4,Côte d'Ivoire,LOT-2022-31-593,27.9,11.6
2022-08-01,2116.6,3.38,1797.0,6.56,64.6,2163.9,Ghana,LOT-2022-32-413,29.1,7.4
2022-08-08,1967.3,3.54,1746.0,7.51,79.1,2162.0,Côte d'Ivoire,LOT-2022-33-705,27.0,45.6
2022-08-15,2291.5,3.22,2142.0,8.43,80.3,2171.3,Côte d'Ivoire,LOT-2022-34-474,29.9,0.2
2022-08-22,2116.1,3.23,1440.0,7.27,57.2,2174.1,Nigéria,LOT-2022-35-738,28.1,14.5
2022-08-29,2250.6,3.63,797.0,6.58,64.6,2184.3,Côte d'Ivoire,LOT-2022-36-124,27.8,24.3
2022-09-05,1924.6,3.12,1572.0,6.56,60.0,2180.2,Côte d'Ivoire,LOT-2022-37-433,25.2,11.9
2022-09-12,2019.6,3.12,1032.0,7.28,66.8,2177.1,Côte d'Ivoire,LOT-2022-38-454,28.0,1.6
2022-09-19,2071.9,3.53,,6.82,71.3,2171.8,Côte d'Ivoire,LOT-2022-39-215,26.0,64.7
2022-09-26,2062.6,3.01,,6.55,60.4,2167.5,Ghana,LOT-2022-40-147,26.4,13.1
2022-10-03,1994.7,3.17,2198.0,8.01,64.6,2156.1,Côte d'Ivoire,LOT-2022-41-837,26.0,17.1
2022-10-10,2100.3,3.42,1351.0,7.42,64.0,2158.4,Côte d'Ivoire,LOT-2022-42-877,25.6,4.9
2022-10-17,1903.0,3.22,1516.0,7.08,73.7,2147.7,Côte d'Ivoire,LOT-2022-43-198,31.3,11.9
2022-10-24,1994.5,3.43,2646.0,8.3,72.6,2142.1,Ghana,LOT-2022-44-558,29.9,10.1
2022-10-31,2014.5,2.91,1475.0,6.73,66.2,2129.4,Côte d'Ivoire,LOT-2022-45-622,31.0,1.4
2022-11-07,2050.3,2.85,3792.0,8.41,73.4,2128.4,Côte d'Ivoire,LOT-2022-46-696,25.3,2.0
2022-11-14,2066.1,3.72,1679.0,7.13,67.6,2127.7,Côte d'Ivoire,LOT-2022-47-504,27.6,32.7
2022-11-21,1859.8,3.1,662.0,8.28,69.8,2118.9,Côte d'Ivoire,LOT-2022-48-313,25.2,4.9
2022-11-28,1812.1,2.7,1810.0,7.71,85.4,2113.8,Côte d'Ivoire,LOT-2022-49-784,26.2,3.9
2022-12-05,2120.5,3.89,1560.0,8.15,82.7,2112.9,Côte d'Ivoire,LOT-2022-50-602,25.8,12.7
2022-12-12,2017.4,3.29,2244.0,8.47,61.6,2109.2,Ghana,LOT-2022-51-820,29.7,26.4
2022-12-19,1901.2,3.42,1753.0,7.08,78.6,2098.1,Côte d'Ivoire,LOT-2022-52-547,26.8,1.2
2022-12-26,2158.4,3.5,1267.0,8.42,78.5,2094.8,Cameroun,LOT-2023-01-993,29.4,15.5
2023-01-02,2316.0,4.35,821.0,7.28,62.8,2091.1,Nigéria,LOT-2023-02-675,28.6,2.3
2023-01-09,2517.6,4.59,1232.0,7.27,78.6,2097.6,Côte d'Ivoire,LOT-2023-03-357,31.6,0.7
2023-01-16,2394.3,3.79,953.0,7.18,84.3,2105.6,Côte d'Ivoire,LOT-2023-04-943,24.8,1.0
2023-01-23,2738.0,4.71,1062.0,7.58,63.0,2126.5,Côte d'Ivoire,LOT-2023-05-220,29.8,32.3
2023-01-30,2738.1,4.61,1695.0,6.81,64.7,2142.4,Ghana,LOT-2023-06-909,29.6,2.3
2023-02-06,2484.4,4.42,2612.0,7.61,80.1,2156.8,Côte d'Ivoire,LOT-2023-07-153,25.7,0.8
2023-02-13,2715.2,4.09,1568.0,7.58,74.2,2167.6,Côte d'Ivoire,LOT-2023-08-430,29.3,10.4
2023-02-20,2714.7,4.58,830.0,8.02,76.4,2181.1,Côte d'Ivoire,LOT-2023-09-883,28.1,33.4
2023-02-27,2871.9,4.95,1600.0,8.17,74.7,2206.2,Ghana,LOT-2023-10-340,27.1,5.5
2023-03-06,2570.9,3.62,2162.0,7.38,75.1,2226.4,Ghana,LOT-2023-11-854,26.0,9.9
2023-03-13,2867.5,4.27,1050.0,7.1,61.4,2245.6,Côte d'Ivoire,LOT-2023-12-629,26.2,0.7
2023-03-20,2972.1,4.18,1270.0,7.02,80.4,2274.1,Ghana,LOT-2023-13-582,31.2,10.7
2023-03-27,2597.9,4.11,1347.0,6.89,81.4,2285.7,Côte d'Ivoire,LOT-2023-14-286,27.5,15.5
2023-04-03,2732.0,4.62,979.0,6.62,70.2,2312.6,Côte d'Ivoire,LOT-2023-15-957,28.9,15.2
2023-04-10,2650.5,4.73,1736.0,7.18,71.7,2333.6,Cameroun,LOT-2023-16-755,26.1,7.3
2023-04-17,2961.9,4.8,1276.0,7.04,59.8,2363.3,Côte d'Ivoire,LOT-2023-17-361,26.1,6.8
2023-04-24,3154.7,5.58,1584.0,8.43,76.1,2399.7,Côte d'Ivoire,LOT-2023-18-463,29.4,2.0
2023-05-01,3315.9,4.93,939.0,7.62,76.6,2443.7,Côte d'Ivoire,LOT-2023-19-590,25.1,8.2
2023-05-08,3143.7,4.56,1124.0,7.19,71.5,2478.5,Cameroun,LOT-2023-20-530,26.8,1.9
2023-05-15,3417.3,5.5,1788.0,7.66,81.0,2529.0,Ghana,LOT-2023-21-338,27.6,26.2
2023-05-22,3004.8,4.96,1154.0,6.78,69.3,2562.7,Ghana,LOT-2023-22-403,27.7,61.0
2023-05-29,2993.5,4.82,2673.0,7.39,76.5,2595.3,Ghana,LOT-2023-23-397,27.2,63.2
2023-06-05,3276.1,4.66,1142.0,7.75,63.8,2636.2,Côte d'Ivoire,LOT-2023-24-175,28.2,36.1
2023-06-12,3375.6,5.42,1465.0,7.48,71.8,2679.8,Côte d'Ivoire,LOT-2023-25-799,28.7,16.5
2023-06-19,3345.0,5.0,1945.0,7.3,70.6,2729.3,Côte d'Ivoire,LOT-2023-26-432,28.8,21.7
2023-06-26,3070.0,5.15,759.0,8.49,73.8,2771.2,Côte d'Ivoire,LOT-2023-27-857,25.7,6.0
2023-07-03,3395.4,5.59,662.0,8.26,69.0,2813.7,Côte d'Ivoire,LOT-2023-28-741,27.0,17.9
2023-07-10,3240.1,4.94,728.0,7.75,70.9,2854.5,Cameroun,LOT-2023-29-573,29.7,10.9
2023-07-17,3561.8,5.59,2219.0,7.64,,2909.8,Côte d'Ivoire,LOT-2023-30-926,29.1,11.8
2023-07-24,3540.6,5.39,1074.0,7.74,68.5,2955.9,Côte d'Ivoire,LOT-2023-31-382,25.0,25.5
2023-07-31,3367.7,5.41,3727.0,6.9,59.1,2991.0,Côte d'Ivoire,LOT-2023-32-690,28.1,6.0
2023-08-07,3453.8,5.86,1069.0,7.29,86.0,3022.2,Côte d'Ivoire,LOT-2023-33-171,23.9,6.9
2023-08-14,3393.3,5.18,1442.0,6.58,83.1,3055.5,Cameroun,LOT-2023-34-362,27.6,46.5
2023-08-21,3563.4,5.9,2482.0,7.45,61.7,3083.0,Côte d'Ivoire,LOT-2023-35-802,30.9,1.0
2023-08-28,3736.4,5.87,2988.0,7.59,77.5,3116.3,Côte d'Ivoire,LOT-2023-36-978,25.8,12.0
2023-09-04,3465.3,5.35,3055.0,6.96,68.0,3149.0,Ghana,LOT-2023-37-986,26.0,43.9
2023-09-11,3708.8,5.95,2172.0,8.43,74.1,3182.1,Côte d'Ivoire,LOT-2023-38-674,28.9,17.0
2023-09-18,3573.9,5.45,2018.0,8.32,74.4,3210.7,Côte d'Ivoire,LOT-2023-39-991,24.7,14.2
2023-09-25,3555.2,5.57,1698.0,7.94,70.1,3233.5,Côte d'Ivoire,LOT-2023-40-111,26.4,5.2
2023-10-02,3679.4,5.58,1829.0,7.57,65.7,3270.5,Côte d'Ivoire,LOT-2023-41-240,28.6,7.6
2023-10-09,3562.3,6.34,1074.0,8.24,66.5,3293.6,Nigéria,LOT-2023-42-865,26.4,34.4
2023-10-16,3657.7,5.91,966.0,6.76,64.7,3316.5,Ghana,LOT-2023-43-654,27.1,14.7
2023-10-23,3585.3,5.57,1338.0,8.08,65.3,3349.4,Côte d'Ivoire,LOT-2023-44-116,28.8,13.0
2023-10-30,4085.3,6.65,1251.0,6.75,71.5,3394.5,Ghana,LOT-2023-45-162,28.3,1.9
2023-11-06,3822.9,6.13,1117.0,8.09,66.3,3433.6,Côte d'Ivoire,LOT-2023-46-352,28.0,0.3
2023-11-13,3741.2,5.97,1770.0,7.05,77.5,3459.5,Côte d'Ivoire,LOT-2023-47-564,26.9,59.7
2023-11-27,3891.4,6.5,1388.0,8.39,67.4,3489.9,Côte d'Ivoire,LOT-2023-49-903,27.3,16.6
2023-12-04,3908.8,6.15,2419.0,6.8,73.9,3516.3,Côte d'Ivoire,LOT-2023-50-619,28.3,1.5
2023-12-11,4069.4,6.39,848.0,7.43,76.0,3538.8,Ghana,LOT-2023-51-936,26.6,20.7
2023-12-18,4128.1,6.58,1240.0,8.46,75.8,3577.5,Cameroun,LOT-2023-52-189,,48.5
2023-12-25,3973.7,5.72,1006.0,7.47,72.6,3611.3,Côte d'Ivoire,LOT-2024-01-819,25.7,15.4
2024-01-01,5163.4,7.87,635.0,8.23,77.9,3676.4,Côte d'Ivoire,LOT-2024-02-903,27.4,2.4
2024-01-08,5344.9,9.03,1296.0,7.68,75.9,3744.3,Côte d'Ivoire,LOT-2024-03-895,26.0,15.7
2024-01-15,4596.8,7.91,1276.0,7.25,62.1,3787.5,Côte d'Ivoire,LOT-2024-04-729,25.5,26.2
2024-01-22,4975.4,7.95,2454.0,7.07,79.0,3853.2,Côte d'Ivoire,LOT-2024-05-960,28.0,9.4
2024-01-29,6193.4,10.16,1724.0,6.91,79.1,3949.6,Côte d'Ivoire,LOT-2024-06-274,27.9,38.1
2024-02-05,6370.7,10.37,889.0,8.02,65.9,4057.6,Ghana,LOT-2024-07-175,28.9,18.8
2024-02-12,5680.0,10.08,2812.0,7.27,72.3,4130.6,Côte d'Ivoire,LOT-2024-08-712,26.7,41.3
2024-02-19,6077.8,10.14,2183.0,7.52,77.5,4218.1,Côte d'Ivoire,LOT-2024-09-762,28.2,17.6
2024-02-26,6039.6,9.7,1691.0,7.48,70.3,4310.3,Côte d'Ivoire,LOT-2024-10-499,28.5,2.5
2024-03-04,7214.8,11.35,1223.0,7.65,80.6,4440.0,Côte d'Ivoire,LOT-2024-11-881,28.3,6.7
2024-03-11,6499.3,10.0,913.0,8.23,90.9,4547.1,Côte d'Ivoire,LOT-2024-12-170,26.0,4.1
2024-03-25,5804.7,9.14,2070.0,7.32,61.0,4656.1,Côte d'Ivoire,LOT-2024-14-223,28.2,25.7
2024-04-01,5611.3,8.62,2846.0,8.16,74.4,4732.7,Ghana,LOT-2024-15-480,27.5,20.3
2024-04-08,6401.3,10.13,2483.0,8.03,77.8,4828.9,Côte d'Ivoire,LOT-2024-16-392,23.7,6.4
2024-04-15,6082.5,9.49,1102.0,7.65,70.2,4918.4,Côte d'Ivoire,LOT-2024-17-896,27.8,3.7
2024-04-22,5880.1,9.99,856.0,8.41,83.6,5001.5,Côte d'Ivoire,LOT-2024-18-294,31.5,25.4
2024-04-29,6253.0,10.35,1417.0,6.9,61.3,5093.4,Ghana,LOT-2024-19-327,26.9,11.6
2024-05-06,6140.2,9.9,660.0,6.72,77.5,5185.5,Côte d'Ivoire,LOT-2024-20-530,26.2,4.6
2024-05-13,7307.3,12.23,1524.0,8.21,67.2,5315.8,Ghana,LOT-2024-21-535,28.2,17.3
2024-05-20,7043.1,11.38,1263.0,7.38,85.8,5439.3,Côte d'Ivoire,LOT-2024-22-886,28.1,0.7
2024-05-27,6743.6,10.62,1112.0,8.19,87.9,5534.2,Ghana,LOT-2024-23-560,29.6,7.1
2024-06-03,7393.3,12.38,708.0,8.29,65.9,5661.8,Côte d'Ivoire,LOT-2024-24-717,25.2,11.4
2024-06-10,6885.1,11.27,1645.0,6.62,67.6,5774.0,Ghana,LOT-2024-25-120,28.8,2.9
2024-06-17,6560.8,10.27,1082.0,8.27,78.9,5801.2,Côte d'Ivoire,LOT-2024-26-163,28.6,75.2
2024-06-24,7563.9,12.14,839.0,7.4,68.9,5927.8,Cameroun,LOT-2024-27-264,27.2,4.2
2024-07-01,7218.0,11.38,425.0,7.52,71.6,6041.9,Côte d'Ivoire,LOT-2024-28-126,28.1,2.5
2024-07-08,6633.7,10.28,1325.0,7.75,72.2,6130.3,Côte d'Ivoire,LOT-2024-29-410,29.4,4.1
2024-07-15,7017.2,11.6,2721.0,8.35,56.6,6230.0,Côte d'Ivoire,LOT-2024-30-384,29.1,26.4
2024-07-22,6786.6,11.52,2603.0,6.54,71.9,6327.0,Ghana,LOT-2024-31-759,25.4,10.0
2024-07-29,6626.0,10.27,1116.0,7.45,66.5,6377.4,Côte d'Ivoire,LOT-2024-32-380,29.0,15.0
2024-08-05,7590.9,12.41,1053.0,7.88,68.1,6454.8,Ghana,LOT-2024-33-937,27.4,0.4
2024-08-12,8024.7,12.75,1616.0,7.95,83.5,6573.0,Côte d'Ivoire,LOT-2024-34-930,27.6,0.6
2024-08-19,6741.3,10.73,898.0,7.89,61.9,6633.9,Côte d'Ivoire,LOT-2024-35-263,27.6,10.6
2024-08-26,7565.4,12.02,1511.0,6.77,78.5,6681.2,Côte d'Ivoire,LOT-2024-36-997,27.2,30.5
2024-09-02,7119.2,11.22,1820.0,7.1,69.8,6707.1,Nigéria,LOT-2024-37-323,29.6,39.0
2024-09-09,7223.8,11.67,2188.0,7.22,69.8,6760.3,Ghana,LOT-2024-38-883,27.3,1.6
2024-09-16,7221.2,11.4,1287.0,8.11,78.3,6799.7,Cameroun,LOT-2024-39-245,25.5,13.9
2024-09-23,7152.4,11.62,,7.06,74.7,6838.1,Côte d'Ivoire,LOT-2024-40-967,26.8,44.0
2024-09-30,7557.9,12.18,943.0,6.92,76.6,6849.9,Ghana,LOT-2024-41-129,27.8,8.8
2024-10-07,7247.4,11.62,962.0,8.41,79.7,6875.7,Ghana,LOT-2024-42-144,29.7,31.8
2024-10-14,7730.3,12.2,1223.0,6.52,69.3,6904.2,Côte d'Ivoire,LOT-2024-43-886,28.6,2.6
2024-10-21,7645.4,12.16,1551.0,8.5,67.1,6965.6,Ghana,LOT-2024-44-570,26.0,49.3
2024-10-28,7614.7,12.51,1930.0,7.85,63.3,7032.3,Cameroun,LOT-2024-45-133,32.0,25.1
2024-11-04,7393.5,12.08,971.0,8.16,65.4,7065.4,Cameroun,LOT-2024-46-752,28.0,51.0
2024-11-11,7573.5,11.92,2433.0,7.09,95.6,7115.1,Ghana,LOT-2024-47-526,29.8,20.3
2024-11-18,8155.8,13.18,1202.0,6.53,82.0,7191.0,Côte d'Ivoire,LOT-2024-48-929,27.2,8.1
2024-11-25,8105.1,13.3,1328.0,7.98,61.2,7252.7,Côte d'Ivoire,LOT-2024-49-985,28.5,50.1
2024-12-02,7566.5,11.7,993.0,8.17,61.4,7300.3,Nigéria,LOT-2024-50-320,29.0,5.8
2024-12-09,8051.8,13.15,508.0,7.98,75.9,7325.1,Côte d'Ivoire,LOT-2024-51-967,29.7,7.3
2024-12-16,8369.0,13.3,1908.0,6.79,76.4,7369.3,Ghana,LOT-2024-52-633,29.4,21.7
2024-12-23,7458.7,12.2,1799.0,8.01,76.4,7393.1,Ghana,LOT-2025-01-791,29.1,26.1
2024-12-30,8403.4,13.32,1197.0,8.04,70.0,7426.8,Ghana,LOT-2025-02-466,26.9,47.7
