date,prix_xof,prix_usd,volume_tonnes,humidite_pct,qualite_index,prix_lisse_30j,pays_origine,numero_lot,temp_moy_c,pluie_mm,lag_1,lag_4,lag_30,rolling_mean_8,mois_sin,mois_cos
2015-01-05,1741.0,2.96,1250.0,6.54,81.5,1741.0,Nigéria,LOT-2015-01-593,25.7,23.3,,,,,0.4999999999999999,0.8660254037844387
2015-01-12,1699.1,2.7,1907.0,7.83,77.7,1720.0,Côte d'Ivoire,LOT-2015-02-182,26.1,2.2,1741.0,,,,0.4999999999999999,0.8660254037844387
2015-01-19,1772.2,3.05,1739.0,8.43,74.8,1737.4,Côte d'Ivoire,LOT-2015-03-285,24.9,9.4,1699.1,,,,0.4999999999999999,0.8660254037844387
2015-01-26,1853.7,3.45,713.0,7.62,80.6,1766.5,Côte d'Ivoire,LOT-2015-04-351,26.6,39.1,1772.2,,,,0.4999999999999999,0.8660254037844387
2015-02-02,1725.5,2.71,2418.0,8.37,71.8,1758.3,Cameroun,LOT-2015-05-454,29.3,0.9,1853.7,1741.0,,,0.8660254037844386,0.5000000000000001
2015-02-09,1738.7,2.73,2326.0,6.6,64.9,1755.0,Cameroun,LOT-2015-06-849,28.4,58.6,1725.5,1699.1,,,0.8660254037844386,0.5000000000000001
2015-02-16,1897.6,3.53,1043.0,7.34,70.7,1775.4,Côte d'Ivoire,LOT-2015-07-971,29.3,20.5,1738.7,1772.2,,,0.8660254037844386,0.5000000000000001
2015-03-02,1762.4,2.7,1632.0,7.96,66.6,1773.8,Côte d'Ivoire,LOT-2015-09-895,25.5,5.7,1897.6,1853.7,,,1.0,6.123233995736766e-17
2015-03-09,1857.9,3.16,1487.0,8.46,70.8,1783.1,Côte d'Ivoire,LOT-2015-10-996,26.9,5.1,1762.4,1725.5,,1773.775,1.0,6.123233995736766e-17
2015-03-16,1791.6,2.75,1075.0,7.01,65.7,1784.0,Côte d'Ivoire,LOT-2015-11-309,26.1,51.3,1857.9,1738.7,,1788.3875,1.0,6.123233995736766e-17
2015-03-23,1805.3,2.77,1024.0,7.81,69.5,1785.9,Cameroun,LOT-2015-12-915,29.9,6.4,1791.6,1897.6,,1799.95,1.0,6.123233995736766e-17
2015-03-30,1875.1,3.1,1326.0,6.9,56.9,1793.3,Ghana,LOT-2015-13-907,25.3,26.9,1805.3,1762.4,,1804.0875,1.0,6.123233995736766e-17
2015-04-06,1715.1,2.19,2141.0,7.63,73.7,1787.3,Ghana,LOT-2015-14-708,29.1,9.0,1875.1,1857.9,,1806.7625,0.8660254037844387,-0.4999999999999998
2015-04-13,1741.6,2.29,1665.0,7.43,72.0,1784.1,Cameroun,LOT-2015-15-546,29.1,2.7,1715.1,1791.6,,1805.4625,0.8660254037844387,-0.4999999999999998
2015-04-20,1844.8,2.81,1155.0,8.44,65.5,1788.1,Ghana,LOT-2015-16-559,30.8,0.2,1741.6,1805.3,,1805.825,0.8660254037844387,-0.4999999999999998
2015-04-27,1817.7,2.63,1824.0,7.72,77.3,1790.0,Côte d'Ivoire,LOT-2015-17-571,26.8,14.1,1844.8,1875.1,,1799.225,0.8660254037844387,-0.4999999999999998
2015-05-04,1931.4,3.21,429.0,7.2,79.5,1798.3,Ghana,LOT-2015-18-819,28.8,67.0,1817.7,1715.1,,1806.1375,0.4999999999999999,-0.8660254037844387
2015-05-11,1839.6,2.69,2121.0,6.73,59.1,1800.6,Côte d'Ivoire,LOT-2015-19-469,31.6,8.3,1931.4,1741.6,,1815.325,0.4999999999999999,-0.8660254037844387
2015-05-18,1803.5,2.49,668.0,6.8,65.9,1800.7,Ghana,LOT-2015-20-591,26.4,8.0,1839.6,1844.8,,1821.325,0.4999999999999999,-0.8660254037844387
2015-05-25,2036.4,3.72,1159.0,6.95,65.8,1812.5,Côte d'Ivoire,LOT-2015-21-236,24.7,7.6,1803.5,1817.7,,1821.1,0.4999999999999999,-0.8660254037844387
2015-06-01,1901.9,3.0,856.0,7.0,64.5,1816.8,Ghana,LOT-2015-22-466,24.1,13.2,2036.4,1931.4,,1841.2625,1.2246467991473532e-16,-1.0
2015-06-08,1924.5,3.12,798.0,8.2,78.6,1821.7,Côte d'Ivoire,LOT-2015-23-283,28.8,10.5,1901.9,1839.6,,1864.6125,1.2246467991473532e-16,-1.0
2015-06-15,1802.5,2.48,2131.0,7.62,70.4,1820.8,Côte d'Ivoire,LOT-2015-24-687,24.1,38.2,1924.5,1803.5,,1887.475,1.2246467991473532e-16,-1.0
2015-06-22,1868.7,2.85,1111.0,7.55,69.9,1822.8,Côte d'Ivoire,LOT-2015-25-386,26.8,12.7,1802.5,2036.4,,1882.1875,1.2246467991473532e-16,-1.0
2015-06-29,1915.1,3.12,1539.0,6.73,56.0,1826.5,Côte d'Ivoire,LOT-2015-26-571,28.3,12.8,1868.7,1901.9,,1888.5625,1.2246467991473532e-16,-1.0
2015-07-06,1806.7,2.57,1315.0,8.22,77.1,1825.8,Ghana,LOT-2015-27-474,27.8,2.7,1915.1,1924.5,,1886.525,-0.4999999999999997,-0.8660254037844388
2015-07-13,1919.9,3.21,1621.0,7.95,62.1,1829.2,Ghana,LOT-2015-28-753,28.3,73.1,1806.7,1802.5,,1882.4125,-0.4999999999999997,-0.8660254037844388
2015-07-20,1831.5,2.77,1381.0,6.64,72.5,1829.3,Côte d'Ivoire,LOT-2015-29-848,27.9,5.2,1919.9,1868.7,,1896.9625,-0.4999999999999997,-0.8660254037844388
2015-07-27,1844.8,2.89,802.0,7.92,74.2,1829.9,Côte d'Ivoire,LOT-2015-30-636,29.8,1.4,1831.5,1915.1,,1871.35,-0.4999999999999997,-0.8660254037844388
2015-08-03,1807.6,2.73,1995.0,7.59,82.9,1832.2,Côte d'Ivoire,LOT-2015-31-610,25.8,19.6,1844.8,1806.7,,1864.2125,-0.8660254037844385,-0.5000000000000004
2015-08-10,1990.7,3.77,1099.0,6.66,,1842.2,Côte d'Ivoire,LOT-2015-32-901,26.3,16.3,1807.6,1919.9,1741.0,1849.6,-0.8660254037844385,-0.5000000000000004
2015-08-17,1827.6,2.94,719.0,7.42,47.8,1844.1,Côte d'Ivoire,LOT-2015-33-678,26.1,9.7,1990.7,1831.5,1699.1,1873.125,-0.8660254037844385,-0.5000000000000004
2015-08-24,1729.8,2.47,1129.0,7.47,73.5,1839.8,Cameroun,LOT-2015-34-349,29.0,9.9,1827.6,1844.8,1772.2,1867.9875,-0.8660254037844385,-0.5000000000000004
2015-08-31,1865.8,3.26,2441.0,6.83,86.4,1844.7,Côte d'Ivoire,LOT-2015-35-609,29.1,27.7,1729.8,1807.6,1853.7,1844.825,-0.8660254037844385,-0.5000000000000004
2015-09-07,1687.9,2.36,1882.0,8.39,81.9,1842.9,Côte d'Ivoire,LOT-2015-36-729,28.3,3.9,1865.8,1990.7,1725.5,1852.2125,-1.0,-1.8369701987210294e-16
2015-09-14,1788.0,2.95,1165.0,8.2,73.7,1839.2,Côte d'Ivoire,LOT-2015-37-172,29.6,30.9,1687.9,1827.6,1738.7,1823.2125,-1.0,-1.8369701987210294e-16
2015-09-21,1600.7,1.99,1165.0,7.84,68.1,1831.2,Côte d'Ivoire,LOT-2015-38-381,25.4,18.8,1788.0,1729.8,1897.6,1817.775,-1.0,-1.8369701987210294e-16
2015-09-28,1638.0,2.24,1178.0,7.42,78.5,1827.1,Côte d'Ivoire,LOT-2015-39-459,30.5,9.8,1600.7,1865.8,1762.4,1787.2625,-1.0,-1.8369701987210294e-16
2015-10-05,1747.6,2.88,3074.0,7.32,64.2,1823.4,Ghana,LOT-2015-40-109,30.2,11.0,1638.0,1687.9,1857.9,1766.0625,-0.8660254037844386,0.5000000000000001
2015-10-12,1779.5,3.09,1561.0,7.8,75.8,1823.0,Côte d'Ivoire,LOT-2015-41-310,28.8,5.3,1747.6,1788.0,1791.6,1735.675,-0.8660254037844386,0.5000000000000001
2015-10-19,1723.9,2.83,1591.0,7.59,76.0,1820.3,Côte d'Ivoire,LOT-2015-42-934,30.7,25.1,1779.5,1600.7,1805.3,1729.6625,-0.8660254037844386,0.5000000000000001
2015-10-26,1692.0,2.69,2023.0,6.62,80.5,1814.2,Côte d'Ivoire,LOT-2015-43-251,24.5,12.9,1723.9,1638.0,1875.1,1728.925,-0.8660254037844386,0.5000000000000001
2015-11-02,1669.7,2.6,1474.0,7.53,94.1,1812.6,Côte d'Ivoire,LOT-2015-44-104,26.6,7.0,1692.0,1747.6,1715.1,1707.2,-0.5000000000000004,0.8660254037844384
2015-11-09,1569.5,2.09,1208.0,8.11,75.1,1806.9,Côte d'Ivoire,LOT-2015-45-294,26.2,16.3,1669.7,1779.5,1741.6,1704.9250000000002,-0.5000000000000004,0.8660254037844384
2015-11-16,1625.9,2.41,1238.0,7.42,67.9,1799.6,Nigéria,LOT-2015-46-382,28.8,98.2,1569.5,1723.9,1844.8,1677.6125000000002,-0.5000000000000004,0.8660254037844384
2015-11-23,1644.0,2.51,1302.0,6.6,71.8,1793.8,Ghana,LOT-2015-47-563,25.6,10.3,1625.9,1692.0,1817.7,1680.7625,-0.5000000000000004,0.8660254037844384
2015-12-07,1708.4,2.86,1792.0,6.9,66.4,1716.7,Côte d'Ivoire,LOT-2015-49-370,30.0,7.6,1644.0,1669.7,1931.4,1681.5125,-2.4492935982947064e-16,1.0
2015-12-14,1542.4,1.96,1368.0,7.02,68.7,1708.0,Côte d'Ivoire,LOT-2015-50-262,28.8,1.0,1708.4,1569.5,1839.6,1676.6125,-2.4492935982947064e-16,1.0
2015-12-21,1713.7,2.86,1796.0,6.83,67.8,1697.3,Côte d'Ivoire,LOT-2015-51-559,,4.1,1542.4,1625.9,1803.5,1646.975,-2.4492935982947064e-16,1.0
2015-12-28,1662.9,2.57,1297.0,7.16,73.2,1689.3,Ghana,LOT-2015-52-204,25.7,9.8,1713.7,1644.0,2036.4,1645.7,-2.4492935982947064e-16,1.0
2016-01-04,1639.6,2.44,1382.0,8.01,65.4,1679.8,Ghana,LOT-2016-01-792,26.0,4.5,1662.9,1708.4,1901.9,1642.0625,0.4999999999999999,0.8660254037844387
2016-01-11,1750.2,3.01,602.0,7.54,81.0,1678.1,Côte d'Ivoire,LOT-2016-02-655,29.7,0.0,1639.6,1542.4,1924.5,1638.3,0.4999999999999999,0.8660254037844387
2016-01-18,1792.7,3.2,1932.0,6.91,72.0,1675.5,Côte d'Ivoire,LOT-2016-03-381,28.9,44.4,1750.2,1713.7,1802.5,1660.8875,0.4999999999999999,0.8660254037844387
2016-01-25,1794.9,3.17,1539.0,8.26,71.9,1671.5,Côte d'Ivoire,LOT-2016-04-786,27.4,33.4,1792.7,1662.9,1868.7,1681.7375,0.4999999999999999,0.8660254037844387
2016-02-01,1664.7,2.43,1997.0,8.26,69.4,1666.8,Cameroun,LOT-2016-05-261,26.7,24.4,1794.9,1639.6,1915.1,1700.6,0.8660254037844386,0.5000000000000001
2016-02-08,1719.5,2.68,421.0,8.24,73.2,1660.1,Ghana,LOT-2016-06-450,23.9,3.3,1664.7,1750.2,1806.7,1695.1375,0.8660254037844386,0.5000000000000001
2016-02-15,1783.9,2.98,3088.0,6.98,78.6,1658.5,Côte d'Ivoire,LOT-2016-07-533,25.6,2.3,1719.5,1792.7,1919.9,1717.275,0.8660254037844386,0.5000000000000001
2016-02-22,1849.3,3.28,1267.0,7.4,65.1,1658.7,Côte d'Ivoire,LOT-2016-08-951,30.9,1.3,1783.9,1794.9,1831.5,1726.0500000000002,0.8660254037844386,0.5000000000000001
2016-02-29,1747.2,2.67,2087.0,8.47,66.7,1656.7,Ghana,LOT-2016-09-239,25.2,23.2,1849.3,1664.7,1844.8,1749.35,0.8660254037844386,0.5000000000000001
2016-03-07,1785.1,2.82,884.0,8.04,69.6,1649.8,Côte d'Ivoire,LOT-2016-10-570,27.8,47.6,1747.2,1719.5,1807.6,1762.8000000000002,1.0,6.123233995736766e-17
2016-03-14,1726.0,2.45,1711.0,6.55,61.2,1646.4,Côte d'Ivoire,LOT-2016-11-231,29.3,10.1,1785.1,1783.9,1990.7,1767.1625,1.0,6.123233995736766e-17
2016-03-21,1733.0,2.44,879.0,6.63,65.4,1646.5,Côte d'Ivoire,LOT-2016-12-186,25.2,2.3,1726.0,1849.3,1827.6,1758.825,1.0,6.123233995736766e-17
2016-03-28,1907.6,3.32,1044.0,7.43,68.2,1647.9,Ghana,LOT-2016-13-787,27.8,12.9,1733.0,1747.2,1729.8,1751.0875,1.0,6.123233995736766e-17
2016-04-04,1964.3,3.58,2880.0,8.32,79.0,1657.1,Côte d'Ivoire,LOT-2016-14-282,29.2,7.7,1907.6,1785.1,1865.8,1781.45,0.8660254037844387,-0.4999999999999998
2016-04-11,1862.4,2.98,1241.0,7.58,74.1,1659.6,Côte d'Ivoire,LOT-2016-15-467,27.5,8.5,1964.3,1726.0,1687.9,1812.05,0.8660254037844387,-0.4999999999999998
2016-04-18,1959.9,3.46,1461.0,7.5,73.5,1671.6,Cameroun,LOT-2016-16-228,32.7,17.5,1862.4,1733.0,1788.0,1821.8625,0.8660254037844387,-0.4999999999999998
2016-04-25,1918.8,3.2,1897.0,6.71,78.8,1681.0,Côte d'Ivoire,LOT-2016-17-345,24.5,22.8,1959.9,1907.6,1600.7,1835.6875,0.8660254037844387,-0.4999999999999998
2016-05-02,1847.1,2.79,1633.0,7.81,70.9,1684.3,Côte d'Ivoire,LOT-2016-18-700,29.4,2.1,1918.8,1964.3,1638.0,1857.1375,0.4999999999999999,-0.8660254037844387
2016-05-09,1935.2,3.23,1422.0,8.14,75.1,1689.5,Côte d'Ivoire,LOT-2016-19-677,27.2,0.7,1847.1,1862.4,1747.6,1864.8875,0.4999999999999999,-0.8660254037844387
2016-05-16,2035.2,3.74,1550.0,7.26,71.2,1699.8,Côte d'Ivoire,LOT-2016-20-769,28.9,93.1,1935.2,1959.9,1779.5,1891.0375,0.4999999999999999,-0.8660254037844387
2016-05-23,1913.6,3.08,3503.0,8.05,74.1,1707.2,Ghana,LOT-2016-21-998,28.3,4.8,2035.2,1918.8,1723.9,1928.8125,0.4999999999999999,-0.8660254037844387
2016-05-30,2044.3,3.77,1309.0,8.43,67.3,1719.7,Côte d'Ivoire,LOT-2016-22-477,26.2,1.0,1913.6,1847.1,1692.0,1929.5625,0.4999999999999999,-0.8660254037844387
2016-06-06,1710.4,1.97,1452.0,6.91,52.5,1724.4,Côte d'Ivoire,LOT-2016-23-248,27.9,3.8,2044.3,1935.2,1669.7,1939.5625,1.2246467991473532e-16,-1.0
2016-06-13,1984.9,3.45,2039.0,7.55,70.9,1736.4,Côte d'Ivoire,LOT-2016-24-951,24.2,0.7,1710.4,2035.2,1569.5,1920.5625,1.2246467991473532e-16,-1.0
2016-06-20,1923.5,3.13,2084.0,7.07,83.4,1745.7,Ghana,LOT-2016-25-532,28.6,9.0,1984.9,1913.6,1625.9,1923.6875,1.2246467991473532e-16,-1.0
2016-06-27,1888.3,2.96,2153.0,8.09,79.4,1817.0,Ghana,LOT-2016-26-727,28.0,29.2,1923.5,2044.3,1644.0,1924.275,1.2246467991473532e-16,-1.0
2016-07-04,1913.6,3.11,1729.0,7.66,79.7,1823.8,Côte d'Ivoire,LOT-2016-27-825,28.6,7.5,1888.3,1710.4,1708.4,1929.425,-0.4999999999999997,-0.8660254037844388
2016-07-11,1739.8,2.21,848.0,7.77,81.9,1830.4,Côte d'Ivoire,LOT-2016-28-568,29.4,10.6,1913.6,1984.9,1542.4,1926.725,-0.4999999999999997,-0.8660254037844388
2016-07-18,1872.2,2.95,2574.0,8.1,72.7,1835.7,Ghana,LOT-2016-29-545,28.2,20.3,1739.8,1923.5,1713.7,1889.8,-0.4999999999999997,-0.8660254037844388
2016-07-25,1908.1,3.52,847.0,7.29,73.6,1851.6,Côte d'Ivoire,LOT-2016-30-580,27.8,12.8,1872.2,1888.3,1662.9,1884.625,-0.4999999999999997,-0.8660254037844388
2016-08-01,1986.4,3.05,1512.0,8.33,67.1,1859.5,Ghana,LOT-2016-31-983,25.9,35.6,1908.1,1913.6,1639.6,1867.6,-0.8660254037844385,-0.5000000000000004
2016-08-08,1814.3,2.68,991.0,7.57,69.5,1860.2,Ghana,LOT-2016-32-393,26.2,36.2,1986.4,1739.8,1750.2,1902.1,-0.8660254037844385,-0.5000000000000004
2016-08-15,1777.9,2.72,1306.0,6.82,76.9,1859.6,Ghana,LOT-2016-33-864,29.6,0.2,1814.3,1872.2,1792.7,1880.775,-0.8660254037844385,-0.5000000000000004
2016-08-22,1788.6,3.16,1528.0,7.89,81.6,1863.8,Côte d'Ivoire,LOT-2016-34-242,30.1,27.1,1777.9,1908.1,1794.9,1862.575,-0.8660254037844385,-0.5000000000000004
2016-08-29,1887.7,3.14,1523.0,8.09,70.9,1869.4,Côte d'Ivoire,LOT-2016-35-349,27.1,11.1,1788.6,1986.4,1664.7,1850.1125,-0.8660254037844385,-0.5000000000000004
2016-09-05,1826.3,2.79,1586.0,7.13,68.4,1870.8,Ghana,LOT-2016-36-977,27.6,80.9,1887.7,1814.3,1719.5,1846.875,-1.0,-1.8369701987210294e-16
2016-09-19,1812.3,2.95,1606.0,8.31,76.8,1873.8,Côte d'Ivoire,LOT-2016-38-124,29.6,78.0,1826.3,1777.9,1783.9,1857.6875,-1.0,-1.8369701987210294e-16
2016-09-26,1765.2,3.14,1215.0,7.05,60.4,1873.1,Cameroun,LOT-2016-39-888,28.7,25.3,1812.3,1788.6,1849.3,1850.2,-1.0,-1.8369701987210294e-16
2016-10-03,1821.7,2.73,1970.0,8.47,53.6,1876.4,Cameroun,LOT-2016-40-988,31.0,5.1,1765.2,1887.7,1747.2,1832.3375,-0.8660254037844386,0.5000000000000001
2016-10-10,1675.7,2.6,2156.0,6.78,67.6,1874.4,Côte d'Ivoire,LOT-2016-41-989,25.9,13.9,1821.7,1826.3,1785.1,1811.75,-0.8660254037844386,0.5000000000000001
2016-10-17,1694.2,2.61,820.0,6.9,62.2,1867.0,Côte d'Ivoire,LOT-2016-42-169,26.8,87.2,1675.7,1812.3,1726.0,1794.4250000000002,-0.8660254037844386,0.5000000000000001
2016-10-24,1678.8,2.27,1701.0,6.87,67.9,1857.2,Côte d'Ivoire,LOT-2016-43-724,27.9,35.1,1694.2,1765.2,1733.0,1783.9625,-0.8660254037844386,0.5000000000000001
2016-10-31,1584.2,2.64,1773.0,8.29,70.8,1847.6,Ghana,LOT-2016-44-974,28.7,1.8,1678.8,1821.7,1907.6,1770.2375000000002,-0.8660254037844386,0.5000000000000001
2016-11-07,1717.4,2.85,1189.0,7.81,68.4,1839.2,Cameroun,LOT-2016-45-211,27.1,22.1,1584.2,1675.7,1964.3,1732.3,-0.5000000000000004,0.8660254037844384
2016-11-14,1708.7,2.76,2322.0,6.8,83.6,1832.0,Côte d'Ivoire,LOT-2016-46-463,25.9,7.6,1717.4,1694.2,1862.4,1718.6875,-0.5000000000000004,0.8660254037844384
2016-11-21,1683.9,2.65,1261.0,7.38,74.6,1826.4,Côte d'Ivoire,LOT-2016-47-402,29.1,0.1,1708.7,1678.8,1959.9,1705.7375,-0.5000000000000004,0.8660254037844384
2016-11-28,1662.1,2.26,1408.0,7.73,74.4,1816.9,Cameroun,LOT-2016-48-570,28.8,9.3,1683.9,1584.2,1918.8,1695.575,-0.5000000000000004,0.8660254037844384
2016-12-05,1566.8,2.4,1250.0,6.67,77.0,1800.8,Côte d'Ivoire,LOT-2016-49-190,25.9,4.8,1662.1,1717.4,1847.1,1675.625,-2.4492935982947064e-16,1.0
2016-12-12,1647.2,2.55,1348.0,8.26,62.9,1791.6,Côte d'Ivoire,LOT-2016-50-629,29.9,30.8,1566.8,1708.7,1935.2,1662.0124999999998,-2.4492935982947064e-16,1.0
2016-12-19,1656.1,2.43,864.0,8.11,80.3,1778.2,Nigéria,LOT-2016-51-760,29.6,7.4,1647.2,1683.9,2035.2,1656.1375,-2.4492935982947064e-16,1.0
2016-12-26,1623.6,2.57,753.0,7.51,71.4,1775.2,Côte d'Ivoire,LOT-2016-52-838,27.7,31.6,1656.1,1662.1,1913.6,1653.3,-2.4492935982947064e-16,1.0
2017-01-02,1827.6,3.07,2535.0,8.43,77.4,1769.8,Ghana,LOT-2017-01-825,27.6,0.0,1623.6,1566.8,2044.3,1658.225,0.4999999999999999,0.8660254037844387
2017-01-09,1891.6,3.62,955.0,7.34,63.4,1768.7,Côte d'Ivoire,LOT-2017-02-971,28.5,6.6,1827.6,1647.2,1710.4,1672.0,0.4999999999999999,0.8660254037844387
2017-01-16,2048.8,3.36,901.0,8.47,59.6,1774.2,Côte d'Ivoire,LOT-2017-03-762,25.9,5.0,1891.6,1656.1,1984.9,1694.8625,0.4999999999999999,0.8660254037844387
2017-01-23,1887.9,3.12,566.0,7.84,78.5,1773.4,Ghana,LOT-2017-04-291,27.6,4.8,2048.8,1623.6,1923.5,1740.475,0.4999999999999999,0.8660254037844387
2017-01-30,1907.6,3.05,1037.0,7.77,75.0,1779.1,Côte d'Ivoire,LOT-2017-05-651,23.6,1.3,1887.9,1827.6,1888.3,1768.7,0.4999999999999999,0.8660254037844387
2017-02-06,1886.8,2.47,789.0,6.83,64.8,1779.6,Nigéria,LOT-2017-06-341,29.1,3.7,1907.6,1891.6,1913.6,1811.3,0.8660254037844386,0.5000000000000001
2017-02-13,1715.6,2.76,2583.0,8.26,65.0,1774.2,Côte d'Ivoire,LOT-2017-07-237,24.7,14.6,1886.8,2048.8,1739.8,1841.25,0.8660254037844386,0.5000000000000001
2017-02-20,1918.6,3.11,2006.0,7.35,81.0,1774.6,Côte d'Ivoire,LOT-2017-08-444,30.2,6.2,1715.6,1887.9,1872.2,1848.6875,0.8660254037844386,0.5000000000000001
2017-02-27,19416.0,32.06,1017.0,6.82,62.5,2375.6,Côte d'Ivoire,LOT-2017-09-279,26.9,9.7,1918.6,1907.6,1908.1,1885.5625,0.8660254037844386,0.5000000000000001
2017-03-06,2196.3,3.48,3298.0,6.53,85.1,2388.8,Côte d'Ivoire,LOT-2017-10-811,27.1,8.5,19416.0,1886.8,1986.4,4084.1125,1.0,6.123233995736766e-17
2017-03-13,1945.2,3.23,1984.0,7.62,64.8,2394.6,Côte d'Ivoire,LOT-2017-11-602,26.4,37.6,2196.3,1715.6,1814.3,4122.2,1.0,6.123233995736766e-17
2017-03-20,2008.9,3.23,1176.0,7.55,77.1,2402.2,Côte d'Ivoire,LOT-2017-12-302,27.0,42.4,1945.2,1918.6,1777.9,4109.25,1.0,6.123233995736766e-17
2017-03-27,1989.1,2.86,493.0,7.94,69.4,2405.7,Côte d'Ivoire,LOT-2017-13-672,30.1,12.2,2008.9,19416.0,1788.6,4124.375,1.0,6.123233995736766e-17
2017-04-03,1888.9,3.39,3349.0,8.28,76.8,2407.8,Côte d'Ivoire,LOT-2017-14-291,23.0,7.2,1989.1,2196.3,1887.7,4134.5625,0.8660254037844387,-0.4999999999999998
2017-04-10,2132.5,3.67,768.0,6.66,67.6,2398.6,Ghana,LOT-2017-15-104,29.8,2.0,1888.9,1945.2,1826.3,4134.825,0.8660254037844387,-0.4999999999999998
2017-04-17,2104.8,3.63,694.0,7.96,70.7,2408.4,Ghana,LOT-2017-16-989,28.1,55.2,2132.5,2008.9,1812.3,4186.9375,0.8660254037844387,-0.4999999999999998
2017-04-24,2118.9,3.14,2016.0,6.87,72.3,2420.2,Ghana,LOT-2017-17-336,25.3,1.1,2104.8,1989.1,1765.2,4210.2125,0.8660254037844387,-0.4999999999999998
2017-05-01,1957.8,3.58,3554.0,8.22,64.0,2424.7,Côte d'Ivoire,LOT-2017-18-792,25.6,6.4,2118.9,1888.9,1821.7,2048.0750000000003,0.4999999999999999,-0.8660254037844387
2017-05-08,2196.5,3.12,2330.0,8.14,77.9,2442.1,Côte d'Ivoire,LOT-2017-19-410,30.5,6.4,1957.8,2132.5,1675.7,2018.2625000000005,0.4999999999999999,-0.8660254037844387
2017-05-15,1922.0,3.28,1678.0,7.58,67.9,2449.7,Ghana,LOT-2017-20-648,25.8,7.0,2196.5,2104.8,1694.2,2049.675,0.4999999999999999,-0.8660254037844387
2017-05-22,2125.2,4.08,1699.0,7.92,70.2,2464.6,Côte d'Ivoire,LOT-2017-21-155,25.4,3.2,1922.0,2118.9,1678.8,2038.8125,0.4999999999999999,-0.8660254037844387
2017-05-29,2288.2,3.39,1884.0,7.13,64.0,2488.0,Côte d'Ivoire,LOT-2017-22-542,29.5,27.5,2125.2,1957.8,1584.2,2055.825,0.4999999999999999,-0.8660254037844387
2017-06-05,1970.9,3.01,1815.0,7.44,51.5,2496.5,Ghana,LOT-2017-23-336,28.1,2.4,2288.2,2196.5,1717.4,2105.7375,1.2246467991473532e-16,-1.0
2017-06-12,2012.5,3.28,1499.0,8.14,70.5,2506.6,Ghana,LOT-2017-24-969,25.8,18.1,1970.9,1922.0,1708.7,2085.5375,1.2246467991473532e-16,-1.0
2017-06-19,2076.5,3.2,1396.0,7.42,91.3,2519.7,Côte d'Ivoire,LOT-2017-25-960,27.9,2.4,2012.5,2125.2,1683.9,2074.0,1.2246467991473532e-16,-1.0
2017-06-26,2011.9,2.78,1306.0,7.22,78.3,2531.3,Côte d'Ivoire,LOT-2017-26-296,25.7,1.3,2076.5,2288.2,1662.1,2068.7,1.2246467991473532e-16,-1.0
2017-07-03,1901.2,3.09,991.0,7.49,71.8,2542.5,Ghana,LOT-2017-27-684,29.5,43.2,2011.9,1970.9,1566.8,2075.4625,-0.4999999999999997,-0.8660254037844388
2017-07-10,2055.6,3.0,1197.0,8.16,69.9,2556.1,Côte d'Ivoire,LOT-2017-28-670,29.4,3.8,1901.2,2012.5,1647.2,2038.55,-0.4999999999999997,-0.8660254037844388
2017-07-17,1933.6,3.26,680.0,7.17,72.2,2565.4,Ghana,LOT-2017-29-851,28.5,31.0,2055.6,2076.5,1656.1,2055.25,-0.4999999999999997,-0.8660254037844388
2017-07-24,2076.9,3.07,1288.0,6.85,76.4,2580.5,Ghana,LOT-2017-30-613,28.2,14.2,1933.6,2011.9,1623.6,2031.3,-0.4999999999999997,-0.8660254037844388
2017-07-31,1926.2,3.57,902.0,7.92,62.6,2583.8,Ghana,LOT-2017-31-548,30.7,1.5,2076.9,1901.2,1827.6,2004.8875000000005,-0.4999999999999997,-0.8660254037844388
2017-08-07,2160.8,3.25,861.0,8.15,80.9,2592.7,Côte d'Ivoire,LOT-2017-32-459,27.5,56.0,1926.2,2055.6,1891.6,1999.3,-0.8660254037844385,-0.5000000000000004
2017-08-14,1914.2,2.99,1439.0,6.7,77.7,2588.2,Côte d'Ivoire,LOT-2017-33-799,25.4,5.1,2160.8,1933.6,2048.8,2017.8375,-0.8660254037844385,-0.5000000000000004
2017-08-21,1946.5,3.38,2337.0,6.98,77.7,2590.2,Ghana,LOT-2017-34-918,28.3,35.3,1914.2,2076.9,1887.9,1997.55,-0.8660254037844385,-0.5000000000000004
2017-08-28,2045.8,2.93,1934.0,6.78,75.5,2594.8,Ghana,LOT-2017-35-129,31.3,3.3,1946.5,1926.2,1907.6,1989.375,-0.8660254037844385,-0.5000000000000004
2017-09-04,1826.9,3.01,715.0,7.2,72.2,2592.8,Ghana,LOT-2017-36-878,25.7,34.6,2045.8,2160.8,1886.8,2007.45,-1.0,-1.8369701987210294e-16
2017-09-11,1958.3,3.55,902.0,7.4,77.4,2600.9,Côte d'Ivoire,LOT-2017-37-207,26.8,0.2,1826.9,1914.2,1715.6,1978.8625,-1.0,-1.8369701987210294e-16
2017-09-18,2052.0,2.83,1951.0,8.0,76.7,2605.3,Côte d'Ivoire,LOT-2017-38-943,28.2,12.9,1958.3,1946.5,1918.6,1981.95,-1.0,-1.8369701987210294e-16
2017-09-25,1746.7,2.87,904.0,7.8,69.2,2016.4,Cameroun,LOT-2017-39-701,27.4,26.4,2052.0,2045.8,19416.0,1978.8375,-1.0,-1.8369701987210294e-16
2017-10-02,1912.7,3.16,1224.0,7.74,67.4,2006.9,Ghana,LOT-2017-40-816,25.7,49.1,1746.7,1826.9,2196.3,1956.4,-0.8660254037844386,0.5000000000000001
2017-10-09,1907.8,3.31,1669.0,7.2,72.8,2005.7,Cameroun,LOT-2017-41-990,29.5,43.2,1912.7,1958.3,1945.2,1925.3875,-0.8660254037844386,0.5000000000000001
2017-10-16,1948.6,2.77,909.0,8.18,84.4,2003.6,Ghana,LOT-2017-42-544,31.7,30.8,1907.8,2052.0,2008.9,1924.5875,-0.8660254037844386,0.5000000000000001
2017-10-23,1736.5,2.4,1397.0,7.44,62.1,1995.2,Côte d'Ivoire,LOT-2017-43-992,27.9,39.4,1948.6,1746.7,1989.1,1924.85,-0.8660254037844386,0.5000000000000001
2017-10-30,1719.2,2.93,786.0,8.46,60.3,1989.6,Ghana,LOT-2017-44-537,25.9,4.0,1736.5,1912.7,1888.9,1886.1875,-0.8660254037844386,0.5000000000000001
2017-11-06,1895.9,3.15,1053.0,7.77,73.3,1981.7,Cameroun,LOT-2017-45-831,24.7,6.0,1719.2,1907.8,2132.5,1872.725,-0.5000000000000004,0.8660254037844384
2017-11-13,1867.5,3.09,1522.0,,72.4,1973.8,Côte d'Ivoire,LOT-2017-46-989,28.0,6.1,1895.9,1948.6,2104.8,1864.925,-0.5000000000000004,0.8660254037844384
2017-11-20,1858.5,3.1,708.0,7.85,73.4,1965.1,Ghana,LOT-2017-47-705,29.5,8.5,1867.5,1736.5,2118.9,1841.8625,-0.5000000000000004,0.8660254037844384
2017-11-27,1865.5,2.8,1597.0,7.15,74.0,1962.0,Côte d'Ivoire,LOT-2017-48-556,28.4,9.0,1858.5,1719.2,1957.8,1855.8375,-0.5000000000000004,0.8660254037844384
2017-12-04,1762.0,2.91,1329.0,7.87,70.2,1947.5,Côte d'Ivoire,LOT-2017-49-714,27.5,14.2,1865.5,1895.9,2196.5,1849.9375,-2.4492935982947064e-16,1.0
2017-12-11,1854.1,3.08,1671.0,6.64,83.9,1945.3,Ghana,LOT-2017-50-834,26.4,3.1,1762.0,1867.5,1922.0,1831.7125,-2.4492935982947064e-16,1.0
2017-12-18,1862.8,2.79,1465.0,6.85,59.2,1936.5,Côte d'Ivoire,LOT-2017-51-797,25.5,21.2,1854.1,1858.5,2125.2,1819.9,-2.4492935982947064e-16,1.0
2017-12-25,1766.4,3.41,2312.0,8.21,65.4,1919.1,Côte d'Ivoire,LOT-2017-52-795,29.0,3.3,1862.8,1865.5,2288.2,1835.6875,-2.4492935982947064e-16,1.0
2018-01-01,2030.3,3.42,1408.0,6.95,71.2,1921.1,Côte d'Ivoire,LOT-2018-01-594,29.1,6.7,1766.4,1762.0,1970.9,1841.5875,0.4999999999999999,0.8660254037844387
2018-01-08,1898.6,2.7,1128.0,8.17,58.9,1917.3,Côte d'Ivoire,LOT-2018-02-773,24.7,12.6,2030.3,1854.1,2012.5,1858.3875,0.4999999999999999,0.8660254037844387
2018-01-15,1741.0,3.01,1407.0,7.06,70.6,1906.1,Côte d'Ivoire,LOT-2018-03-346,30.4,28.7,1898.6,1862.8,2076.5,1862.275,0.4999999999999999,0.8660254037844387
2018-01-22,1936.1,2.83,1665.0,7.79,85.3,1903.6,Côte d'Ivoire,LOT-2018-04-642,28.5,24.2,1741.0,1766.4,2011.9,1847.5875,0.4999999999999999,0.8660254037844387
2018-01-29,1784.4,3.11,1366.0,7.89,72.2,1899.7,Cameroun,LOT-2018-05-663,30.0,18.7,1936.1,2030.3,1901.2,1856.4125,0.4999999999999999,0.8660254037844387
2018-02-05,1972.9,3.53,1361.0,7.53,73.8,1897.0,Côte d'Ivoire,LOT-2018-06-956,25.1,3.0,1784.4,1898.6,2055.6,1859.2125,0.8660254037844386,0.5000000000000001
2018-02-12,2023.3,3.02,1012.0,7.11,61.9,1899.9,Côte d'Ivoire,LOT-2018-07-687,25.0,14.3,1972.9,1741.0,1933.6,1874.0625,0.8660254037844386,0.5000000000000001
2018-02-19,1839.2,3.26,1027.0,6.93,67.1,1892.0,Côte d'Ivoire,LOT-2018-08-996,27.2,1.6,2023.3,1936.1,2076.9,1894.125,0.8660254037844386,0.5000000000000001
2018-02-26,2031.9,3.4,764.0,6.57,69.0,1895.5,Ghana,LOT-2018-09-538,28.4,8.5,1839.2,1784.4,1926.2,1903.225,0.8660254037844386,0.5000000000000001
2018-03-05,1991.3,3.46,2697.0,7.11,69.5,1889.9,Côte d'Ivoire,LOT-2018-10-377,30.7,9.6,2031.9,1972.9,2160.8,1903.425,1.0,6.123233995736766e-17
2018-03-12,2046.7,3.87,814.0,7.81,82.3,1894.3,Ghana,LOT-2018-11-651,28.8,0.7,1991.3,2023.3,1914.2,1915.0125,1.0,6.123233995736766e-17
2018-03-19,2168.4,3.42,1015.0,8.38,76.5,1901.7,Ghana,LOT-2018-12-712,27.1,5.8,2046.7,1839.2,1946.5,1953.225,1.0,6.123233995736766e-17
2018-03-26,1968.0,2.95,1005.0,8.24,63.1,1899.1,Ghana,LOT-2018-13-210,25.7,56.1,2168.4,2031.9,2045.8,1982.2625000000005,1.0,6.123233995736766e-17
2018-04-02,1930.4,2.85,1916.0,8.03,74.0,1902.6,Côte d'Ivoire,LOT-2018-14-484,29.7,55.3,1968.0,1991.3,1826.9,2005.2125,0.8660254037844387,-0.4999999999999998
2018-04-09,1929.2,2.87,1190.0,8.08,76.0,1901.6,Ghana,LOT-2018-15-932,25.8,7.8,1930.4,2046.7,1958.3,1999.9,0.8660254037844387,-0.4999999999999998
2018-04-16,1948.0,3.12,2206.0,7.83,81.1,1898.1,Côte d'Ivoire,LOT-2018-16-860,30.4,0.8,1929.2,2168.4,2052.0,1988.1375,0.8660254037844387,-0.4999999999999998
2018-04-23,2032.1,3.38,1023.0,7.02,84.6,1907.6,Cameroun,LOT-2018-17-290,27.0,3.6,1948.0,1968.0,1746.7,2001.7375,0.8660254037844387,-0.4999999999999998
2018-04-30,2082.9,3.44,1498.0,8.31,63.9,1913.3,Ghana,LOT-2018-18-589,30.4,9.0,2032.1,1930.4,1912.7,2001.7625,0.8660254037844387,-0.4999999999999998
2018-05-07,2083.9,3.61,959.0,7.84,65.5,1919.2,Côte d'Ivoire,LOT-2018-19-793,28.7,53.1,2082.9,1929.2,1907.8,2013.2125,0.4999999999999999,-0.8660254037844387
2018-05-14,2144.9,3.46,3159.0,7.62,61.9,1925.7,Côte d'Ivoire,LOT-2018-20-525,27.3,2.7,2083.9,1948.0,1948.6,2017.8625,0.4999999999999999,-0.8660254037844387
2018-05-21,2067.8,3.77,833.0,6.72,70.1,1936.8,Côte d'Ivoire,LOT-2018-21-504,26.6,26.0,2144.9,2032.1,1736.5,2014.925,0.4999999999999999,-0.8660254037844387
2018-05-28,2214.5,3.49,1516.0,7.39,75.7,1953.3,Ghana,LOT-2018-22-434,26.9,2.1,2067.8,2082.9,1719.2,2027.4,0.4999999999999999,-0.8660254037844387
2018-06-04,2043.5,4.11,1726.0,,79.9,1958.2,Côte d'Ivoire,LOT-2018-23-308,28.3,71.6,2214.5,2083.9,1895.9,2062.9125,1.2246467991473532e-16,-1.0
2018-06-11,2341.1,3.96,1581.0,8.23,71.4,1974.0,Côte d'Ivoire,LOT-2018-24-121,27.6,8.7,2043.5,2144.9,1867.5,2077.2000000000003,1.2246467991473532e-16,-1.0
2018-06-18,2129.1,3.18,1244.0,7.59,69.4,1983.0,Côte d'Ivoire,LOT-2018-25-777,26.4,26.9,2341.1,2067.8,1858.5,2126.3375,1.2246467991473532e-16,-1.0
2018-06-25,1976.5,2.87,1272.0,7.26,73.2,1986.7,Ghana,LOT-2018-26-710,27.2,7.6,2129.1,2214.5,1865.5,2138.4625,1.2246467991473532e-16,-1.0
2018-07-02,1949.2,3.29,1363.0,8.45,65.3,1993.0,Ghana,LOT-2018-27-307,27.6,17.8,1976.5,2043.5,1762.0,2125.1625,-0.4999999999999997,-0.8660254037844388
2018-07-09,2097.0,3.32,1263.0,6.72,88.7,2001.0,Ghana,LOT-2018-28-107,23.7,3.8,1949.2,2341.1,1854.1,2108.325,-0.4999999999999997,-0.8660254037844388
2018-07-16,2017.5,3.47,1970.0,7.35,59.1,2006.2,Ghana,LOT-2018-29-801,28.3,2.8,2097.0,2129.1,1862.8,2102.3375,-0.4999999999999997,-0.8660254037844388
2018-07-23,2101.0,3.53,3243.0,6.58,73.5,2017.4,Côte d'Ivoire,LOT-2018-30-786,25.7,50.1,2017.5,1976.5,1766.4,2096.05,-0.4999999999999997,-0.8660254037844388
2018-07-30,2065.5,3.31,1072.0,7.98,88.2,2018.5,Côte d'Ivoire,LOT-2018-31-884,25.4,44.9,2101.0,1949.2,2030.3,2081.8625,-0.4999999999999997,-0.8660254037844388
2018-08-06,1998.5,2.97,774.0,8.34,72.1,2021.9,Ghana,LOT-2018-32-628,24.5,39.3,2065.5,2097.0,1898.6,2084.6125,-0.8660254037844385,-0.5000000000000004
2018-08-13,1907.9,2.62,1293.0,7.06,70.5,2027.4,Côte d'Ivoire,LOT-2018-33-701,24.3,17.7,1998.5,2017.5,1741.0,2041.7875,-0.8660254037844385,-0.5000000000000004
2018-08-20,1827.2,2.81,3759.0,8.22,69.1,2023.8,Côte d'Ivoire,LOT-2018-34-752,25.1,29.7,1907.9,2101.0,1936.1,2014.1375,-0.8660254037844385,-0.5000000000000004
2018-08-27,1919.8,3.35,971.0,7.08,70.6,2028.3,Côte d'Ivoire,LOT-2018-35-756,26.2,1.3,1827.2,2065.5,1784.4,1995.475,-0.8660254037844385,-0.5000000000000004
2018-09-03,2035.6,3.35,2580.0,8.32,83.0,2030.4,Côte d'Ivoire,LOT-2018-36-265,31.0,7.3,1919.8,1998.5,1972.9,1991.8,-1.0,-1.8369701987210294e-16
2018-09-10,1956.9,2.78,2620.0,8.01,54.3,2028.2,Côte d'Ivoire,LOT-2018-37-948,26.6,6.8,2035.6,1907.9,2023.3,1984.125,-1.0,-1.8369701987210294e-16
2018-09-17,1796.7,2.95,1073.0,8.11,84.3,2026.8,Cameroun,LOT-2018-38-595,27.8,18.2,1956.9,1827.2,1839.2,1976.55,-1.0,-1.8369701987210294e-16
2018-09-24,1924.8,3.22,1682.0,6.54,60.6,2023.2,Côte d'Ivoire,LOT-2018-39-689,28.2,7.9,1796.7,1919.8,2031.9,1938.5125,-1.0,-1.8369701987210294e-16
2018-10-01,1932.8,2.85,2569.0,8.43,69.9,2021.2,Côte d'Ivoire,LOT-2018-40-528,27.7,2.9,1924.8,2035.6,1991.3,1920.925,-0.8660254037844386,0.5000000000000001
2018-10-08,1793.4,2.94,1151.0,7.95,68.6,2012.8,Côte d'Ivoire,LOT-2018-41-873,27.4,16.3,1932.8,1956.9,2046.7,1912.7125,-0.8660254037844386,0.5000000000000001
2018-10-15,1885.8,3.06,1235.0,7.11,76.7,2003.4,Ghana,LOT-2018-42-262,25.3,30.3,1793.4,1796.7,2168.4,1898.4,-0.8660254037844386,0.5000000000000001
2018-10-29,1736.9,2.91,893.0,7.06,75.7,1931.3,Cameroun,LOT-2018-44-625,30.8,2.6,1885.8,1924.8,1968.0,1905.725,-0.8660254037844386,0.5000000000000001
2018-11-05,1879.5,3.2,1033.0,8.25,88.2,1929.7,Cameroun,LOT-2018-45-338,24.5,3.9,1736.9,1932.8,1930.4,1882.8625,-0.5000000000000004,0.8660254037844384
2018-11-12,1893.9,3.37,821.0,6.73,61.1,1922.8,Côte d'Ivoire,LOT-2018-46-171,25.7,4.9,1879.5,1793.4,1929.2,1863.35,-0.5000000000000004,0.8660254037844384
2018-11-19,1941.8,2.72,1358.0,7.91,73.5,1918.1,Cameroun,LOT-2018-47-544,27.0,6.4,1893.9,1885.8,1948.0,1855.475,-0.5000000000000004,0.8660254037844384
2018-11-26,1936.3,2.84,984.0,7.58,66.7,1913.2,Nigéria,LOT-2018-48-754,25.8,18.5,1941.8,1736.9,2032.1,1873.6125,-0.5000000000000004,0.8660254037844384
2018-12-03,1692.2,2.88,1471.0,6.69,75.4,1898.1,Ghana,LOT-2018-49-921,28.4,16.5,1936.3,1879.5,2082.9,1875.05,-2.4492935982947064e-16,1.0
2018-12-10,1737.1,2.96,719.0,6.98,72.2,1887.0,Ghana,LOT-2018-50-608,26.2,21.4,1692.2,1893.9,2083.9,1844.975,-2.4492935982947064e-16,1.0
2018-12-17,1885.0,3.19,1529.0,6.52,66.9,1876.1,Côte d'Ivoire,LOT-2018-51-894,31.4,8.1,1737.1,1941.8,2144.9,1837.9375,-2.4492935982947064e-16,1.0
2018-12-24,1889.2,4.2,1869.0,7.44,75.9,1870.9,Côte d'Ivoire,LOT-2018-52-368,29.6,31.3,1885.0,1936.3,2067.8,1837.8375,-2.4492935982947064e-16,1.0
2018-12-31,1895.3,3.23,603.0,7.1,86.4,1856.1,Côte d'Ivoire,LOT-2019-01-852,27.9,4.1,1889.2,1692.2,2214.5,1856.875,-2.4492935982947064e-16,1.0
2019-01-07,2236.5,3.95,1556.0,7.7,70.5,1859.6,Côte d'Ivoire,LOT-2019-02-514,29.3,11.4,1895.3,1737.1,2043.5,1858.85,0.4999999999999999,0.8660254037844387
2019-01-14,1917.3,3.38,2189.0,7.09,,1857.7,Nigéria,LOT-2019-03-344,29.5,29.1,2236.5,1885.0,2341.1,1901.675,0.4999999999999999,0.8660254037844387
2019-01-21,1984.0,3.4,826.0,7.1,61.7,1858.8,Côte d'Ivoire,LOT-2019-04-774,26.5,3.6,1917.3,1889.2,2129.1,1898.6125,0.4999999999999999,0.8660254037844387
2019-01-28,1977.2,3.09,2615.0,7.99,64.3,1854.8,Ghana,LOT-2019-05-159,26.0,2.1,1984.0,1895.3,1976.5,1904.575,0.4999999999999999,0.8660254037844387
2019-02-04,1959.4,3.39,1584.0,6.6,75.8,1852.9,Ghana,LOT-2019-06-105,27.6,38.7,1977.2,2236.5,1949.2,1940.2,0.8660254037844386,0.5000000000000001
2019-02-11,1875.9,2.79,1010.0,8.31,83.9,1845.4,Cameroun,LOT-2019-07-808,29.1,7.6,1959.4,1917.3,2097.0,1967.9875,0.8660254037844386,0.5000000000000001
2019-02-18,1997.2,3.15,1310.0,8.2,74.8,1843.1,Nigéria,LOT-2019-08-669,27.8,20.7,1875.9,1984.0,2017.5,1966.85,0.8660254037844386,0.5000000000000001
2019-02-25,1858.3,2.85,1675.0,7.84,69.5,1838.4,Côte d'Ivoire,LOT-2019-09-916,24.7,0.5,1997.2,1977.2,2101.0,1980.35,0.8660254037844386,0.5000000000000001
2019-03-04,1926.3,3.13,1381.0,7.69,72.0,1839.1,Côte d'Ivoire,LOT-2019-10-506,26.1,21.1,1858.3,1959.4,2065.5,1975.725,1.0,6.123233995736766e-17
2019-03-11,1915.9,3.78,1662.0,8.28,62.0,1842.0,Côte d'Ivoire,LOT-2019-11-316,27.4,6.8,1926.3,1875.9,1998.5,1936.95,1.0,6.123233995736766e-17
2019-03-18,1986.9,2.64,927.0,6.87,76.8,1844.3,Côte d'Ivoire,LOT-2019-12-125,27.4,1.0,1915.9,1997.2,1907.9,1936.775,1.0,6.123233995736766e-17
2019-03-25,2224.0,3.79,1433.0,6.66,79.1,1850.5,Côte d'Ivoire,LOT-2019-13-914,31.1,16.9,1986.9,1858.3,1827.2,1937.1375,1.0,6.123233995736766e-17
2019-04-01,1819.0,2.45,761.0,6.98,68.4,1845.9,Côte d'Ivoire,LOT-2019-14-104,25.0,5.0,2224.0,1926.3,1919.8,1967.9875,0.8660254037844387,-0.4999999999999998
2019-04-08,2086.8,3.22,1281.0,8.09,68.2,1855.6,Ghana,LOT-2019-15-631,28.4,8.8,1819.0,1915.9,2035.6,1950.4375,0.8660254037844387,-0.4999999999999998
2019-04-15,1868.3,3.34,933.0,6.57,74.1,1853.7,Côte d'Ivoire,LOT-2019-16-489,30.2,1.5,2086.8,1986.9,1956.9,1976.8,0.8660254037844387,-0.4999999999999998
2019-04-22,1992.6,3.23,998.0,7.67,68.5,1855.7,Côte d'Ivoire,LOT-2019-17-809,31.6,2.9,1868.3,2224.0,1796.7,1960.6875,0.8660254037844387,-0.4999999999999998
2019-04-29,2157.7,3.16,2196.0,8.49,71.5,1867.9,Ghana,LOT-2019-18-670,26.8,6.4,1992.6,1819.0,1924.8,1977.475,0.8660254037844387,-0.4999999999999998
2019-05-06,2062.7,3.11,2073.0,8.21,88.8,1873.8,Côte d'Ivoire,LOT-2019-19-547,28.4,1.7,2157.7,2086.8,1932.8,2006.4,0.4999999999999999,-0.8660254037844387
2019-05-13,1954.4,3.36,1709.0,7.54,70.0,1938.9,Côte d'Ivoire,LOT-2019-20-853,28.5,43.5,2062.7,1868.3,1793.4,2024.75,0.4999999999999999,-0.8660254037844387
2019-05-20,1995.0,3.0,865.0,6.63,69.1,1947.5,Ghana,LOT-2019-21-245,27.9,0.1,1954.4,1992.6,1885.8,2020.6875,0.4999999999999999,-0.8660254037844387
2019-05-27,2137.1,3.51,1180.0,8.16,66.8,1956.1,Ghana,LOT-2019-22-487,27.3,11.9,1995.0,2157.7,1736.9,1992.0625,0.4999999999999999,-0.8660254037844387
2019-06-03,1997.0,3.23,2176.0,7.7,78.0,1960.0,Ghana,LOT-2019-23-884,28.3,2.4,2137.1,2062.7,1879.5,2031.825,1.2246467991473532e-16,-1.0
2019-06-10,2090.8,3.18,1418.0,6.73,70.6,1966.6,Côte d'Ivoire,LOT-2019-24-348,22.9,6.6,1997.0,1954.4,1893.9,2020.6,1.2246467991473532e-16,-1.0
2019-06-17,2071.1,3.98,3387.0,6.69,66.8,1970.9,Ghana,LOT-2019-25-625,28.7,46.9,2090.8,1995.0,1941.8,2048.4125,1.2246467991473532e-16,-1.0
2019-06-24,1997.0,3.41,1568.0,8.32,82.6,1972.9,Ghana,LOT-2019-26-561,27.7,3.2,2071.1,2137.1,1936.3,2058.225,1.2246467991473532e-16,-1.0
2019-07-01,2270.6,3.05,1446.0,7.84,83.4,1992.2,Côte d'Ivoire,LOT-2019-27-112,27.1,60.8,1997.0,1997.0,1692.2,2038.1375,-0.4999999999999997,-0.8660254037844388
2019-07-08,2112.1,3.46,1184.0,8.16,67.2,2004.7,Ghana,LOT-2019-28-483,31.2,4.1,2270.6,2090.8,1737.1,2064.125,-0.4999999999999997,-0.8660254037844388
2019-07-15,1837.3,2.76,1413.0,8.26,57.1,2003.1,Cameroun,LOT-2019-29-655,26.3,24.4,2112.1,2071.1,1885.0,2083.8375,-0.4999999999999997,-0.8660254037844388
2019-07-22,2048.2,3.56,1260.0,7.64,80.1,2008.4,Côte d'Ivoire,LOT-2019-30-986,26.8,14.2,1837.3,1997.0,1889.2,2064.125,-0.4999999999999997,-0.8660254037844388
2019-07-29,1952.0,2.91,1778.0,7.53,66.5,2010.3,Côte d'Ivoire,LOT-2019-31-498,31.1,38.8,2048.2,2270.6,1895.3,2053.0125,-0.4999999999999997,-0.8660254037844388
2019-08-05,2091.0,3.34,1964.0,7.36,78.3,2005.4,Nigéria,LOT-2019-32-118,26.0,14.5,1952.0,2112.1,2236.5,2047.3875,-0.8660254037844385,-0.5000000000000004
2019-08-12,1913.3,3.24,978.0,7.13,56.2,2005.3,Ghana,LOT-2019-33-674,26.5,13.8,2091.0,1837.3,1917.3,2047.4125,-0.8660254037844385,-0.5000000000000004
2019-08-19,1967.2,3.43,786.0,7.37,79.1,2004.7,Côte d'Ivoire,LOT-2019-34-590,27.2,3.9,1913.3,2048.2,1984.0,2027.6875,-0.8660254037844385,-0.5000000000000004
2019-08-26,2015.0,2.89,643.0,8.05,62.3,2006.0,Ghana,LOT-2019-35-850,29.0,3.3,1967.2,1952.0,1977.2,2023.9625,-0.8660254037844385,-0.5000000000000004
2019-09-02,2036.6,3.18,1641.0,7.7,77.8,2008.6,Côte d'Ivoire,LOT-2019-36-518,27.9,44.7,2015.0,2091.0,1959.4,1992.0125,-1.0,-1.8369701987210294e-16
2019-09-09,1815.5,2.79,861.0,8.29,72.1,2006.6,Côte d'Ivoire,LOT-2019-37-436,25.2,7.2,2036.6,1913.3,1875.9,1982.575,-1.0,-1.8369701987210294e-16
2019-09-16,1887.8,2.85,566.0,7.39,64.4,2002.9,Côte d'Ivoire,LOT-2019-38-518,26.5,8.4,1815.5,1967.2,1997.2,1979.85,-1.0,-1.8369701987210294e-16
2019-09-23,1860.0,3.53,1565.0,7.71,68.7,2003.0,Cameroun,LOT-2019-39-711,26.4,25.7,1887.8,2015.0,1858.3,1959.8,-1.0,-1.8369701987210294e-16
2019-09-30,1828.9,3.07,3631.0,7.76,77.5,1999.7,Cameroun,LOT-2019-40-774,27.4,7.4,1860.0,2036.6,1926.3,1948.3,-1.0,-1.8369701987210294e-16
2019-10-07,2058.4,2.94,1336.0,7.68,72.8,2004.5,Côte d'Ivoire,LOT-2019-41-221,28.3,54.7,1828.9,1815.5,1915.9,1915.5375,-0.8660254037844386,0.5000000000000001
2019-10-14,1910.9,3.36,1873.0,7.91,76.7,2001.9,Côte d'Ivoire,LOT-2019-42-531,28.3,24.1,2058.4,1887.8,1986.9,1933.675,-0.8660254037844386,0.5000000000000001
2019-10-21,1734.1,3.43,1384.0,6.97,87.8,1985.6,Côte d'Ivoire,LOT-2019-43-143,24.3,16.4,1910.9,1860.0,2224.0,1926.6375,-0.8660254037844386,0.5000000000000001
2019-10-28,1943.0,3.44,1287.0,7.52,59.5,1989.7,Nigéria,LOT-2019-44-971,29.4,38.3,1734.1,1828.9,1819.0,1891.525,-0.8660254037844386,0.5000000000000001
2019-11-04,2056.0,2.86,1935.0,6.71,84.9,1988.7,Nigéria,LOT-2019-45-416,28.0,0.9,1943.0,2058.4,2086.8,1879.825,-0.5000000000000004,0.8660254037844384
2019-11-11,1941.0,2.99,1193.0,7.27,72.8,1991.1,Ghana,LOT-2019-46-480,30.0,5.3,2056.0,1910.9,1868.3,1909.8875,-0.5000000000000004,0.8660254037844384
2019-11-18,1681.5,3.09,1491.0,7.48,64.8,1980.8,Ghana,LOT-2019-47-244,28.3,11.3,1941.0,1734.1,1992.6,1916.5375,-0.5000000000000004,0.8660254037844384
2019-11-25,1782.5,2.66,1523.0,7.8,61.4,1968.3,Ghana,LOT-2019-48-426,29.5,4.6,1681.5,1943.0,2157.7,1894.225,-0.5000000000000004,0.8660254037844384
2019-12-02,1956.7,3.29,1025.0,8.4,70.5,1964.7,Côte d'Ivoire,LOT-2019-49-462,28.3,24.5,1782.5,2056.0,2062.7,1888.425,-2.4492935982947064e-16,1.0
2019-12-09,1760.1,3.07,1992.0,7.7,79.4,1958.3,Côte d'Ivoire,LOT-2019-50-149,29.9,45.3,1956.7,1941.0,1954.4,1875.7125,-2.4492935982947064e-16,1.0
2019-12-16,1877.9,2.75,1249.0,7.99,71.0,1954.4,Côte d'Ivoire,LOT-2019-51-164,28.4,9.9,1760.1,1681.5,1995.0,1856.8625,-2.4492935982947064e-16,1.0
2019-12-23,1915.3,3.07,990.0,7.51,84.1,1947.0,Ghana,LOT-2019-52-454,27.3,7.5,1877.9,1782.5,2137.1,1874.8375,-2.4492935982947064e-16,1.0
2019-12-30,1751.1,1.85,1660.0,7.77,60.4,1938.8,Ghana,LOT-2020-01-899,31.6,58.7,1915.3,1956.7,1997.0,1871.375,-2.4492935982947064e-16,1.0
2020-01-06,1644.1,2.34,935.0,6.64,71.9,1923.9,Côte d'Ivoire,LOT-2020-02-263,29.1,10.6,1751.1,1760.1,2090.8,1833.2625,0.4999999999999999,0.8660254037844387
2020-01-13,1271.2,1.97,1355.0,7.01,62.0,1897.2,Cameroun,LOT-2020-03-240,28.5,12.1,1644.1,1877.9,2071.1,1796.15,0.4999999999999999,0.8660254037844387
2020-01-20,1547.5,2.12,1335.0,7.22,74.9,1882.2,Côte d'Ivoire,LOT-2020-04-925,25.2,7.8,1271.2,1915.3,1997.0,1744.8625000000002,0.4999999999999999,0.8660254037844387
2020-01-27,1651.5,3.15,2068.0,7.44,79.1,1861.6,Côte d'Ivoire,LOT-2020-05-227,25.2,43.3,1547.5,1751.1,2270.6,1715.4875000000002,0.4999999999999999,0.8660254037844387
2020-02-03,1544.5,2.06,1620.0,6.59,68.6,1842.7,Ghana,LOT-2020-06-497,28.0,15.1,1651.5,1644.1,2112.1,1677.3375,0.8660254037844386,0.5000000000000001
2020-02-10,1903.3,2.94,1326.0,6.78,51.2,1844.9,Ghana,LOT-2020-07-979,27.8,25.9,1544.5,1271.2,1837.3,1650.3875,0.8660254037844386,0.5000000000000001
2020-02-17,1549.7,2.54,9999999.0,7.05,73.6,1828.3,Ghana,LOT-2020-08-562,26.4,30.1,1903.3,1547.5,2048.2,1653.5625,0.8660254037844386,0.5000000000000001
2020-02-24,1682.7,3.15,2336.0,8.44,75.5,1819.3,Côte d'Ivoire,LOT-2020-09-850,27.8,7.5,1549.7,1651.5,1952.0,1607.8625000000002,0.8660254037844386,0.5000000000000001
2020-03-02,1765.7,2.42,1674.0,7.16,75.2,1808.4,Côte d'Ivoire,LOT-2020-10-935,30.4,10.2,1682.7,1544.5,2091.0,1599.3125,1.0,6.123233995736766e-17
2020-03-09,1937.4,3.47,1345.0,7.46,81.9,1809.2,Ghana,LOT-2020-11-907,28.8,34.0,1765.7,1903.3,1913.3,1614.5125,1.0,6.123233995736766e-17
2020-03-16,1606.4,2.59,793.0,6.89,63.4,1797.2,Côte d'Ivoire,LOT-2020-12-286,25.4,8.1,1937.4,1549.7,1967.2,1697.7875,1.0,6.123233995736766e-17
2020-03-23,1932.1,2.82,875.0,7.72,77.4,1794.4,Côte d'Ivoire,LOT-2020-13-819,27.3,28.4,1606.4,1682.7,2015.0,1705.15,1.0,6.123233995736766e-17
2020-03-30,1807.0,3.05,1185.0,7.06,81.5,1786.8,Ghana,LOT-2020-14-831,26.1,50.9,1932.1,1765.7,2036.6,1740.225,1.0,6.123233995736766e-17
2020-04-06,1700.4,2.8,1050.0,6.91,57.8,1783.0,Côte d'Ivoire,LOT-2020-15-289,26.8,17.6,1807.0,1937.4,1815.5,1773.0375,0.8660254037844387,-0.4999999999999998
2020-04-13,1885.0,2.86,1243.0,7.53,74.6,1782.9,Ghana,LOT-2020-16-487,26.8,24.4,1700.4,1606.4,1887.8,1747.675,0.8660254037844387,-0.4999999999999998
2020-04-20,1863.7,3.03,1370.0,6.51,68.0,1783.0,Ghana,LOT-2020-17-528,26.6,29.4,1885.0,1932.1,1860.0,1789.5875,0.8660254037844387,-0.4999999999999998
2020-04-27,1776.7,2.75,,6.52,71.3,1781.2,Côte d'Ivoire,LOT-2020-18-957,25.2,33.6,1863.7,1807.0,1828.9,1812.2125,0.8660254037844387,-0.4999999999999998
2020-05-04,1864.6,3.04,1302.0,6.94,74.8,1774.8,Côte d'Ivoire,LOT-2020-19-383,27.3,9.0,1776.7,1700.4,2058.4,1813.5875,0.4999999999999999,-0.8660254037844387
2020-05-11,1816.0,3.13,1627.0,6.57,68.1,1771.6,Ghana,LOT-2020-20-963,26.5,0.9,1864.6,1885.0,1910.9,1804.4875,0.4999999999999999,-0.8660254037844387
2020-05-18,1880.1,3.51,1374.0,6.72,66.6,1776.5,Ghana,LOT-2020-21-336,22.2,9.3,1816.0,1863.7,1734.1,1830.6875,0.4999999999999999,-0.8660254037844387
2020-05-25,1948.6,2.77,608.0,7.18,72.3,1776.7,Ghana,LOT-2020-22-293,31.2,20.2,1880.1,1776.7,1943.0,1824.1875,0.4999999999999999,-0.8660254037844387
2020-06-01,2060.3,3.96,920.0,8.11,63.3,1776.8,Ghana,LOT-2020-23-386,29.5,10.8,1948.6,1864.6,2056.0,1841.8875,1.2246467991473532e-16,-1.0
2020-06-08,1720.6,2.19,1264.0,7.64,63.3,1769.5,Ghana,LOT-2020-24-870,26.8,24.9,2060.3,1816.0,1941.0,1886.875,1.2246467991473532e-16,-1.0
2020-06-15,2122.5,3.38,826.0,7.53,77.4,1784.2,Nigéria,LOT-2020-25-857,27.5,7.9,1720.6,1880.1,1681.5,1866.325,1.2246467991473532e-16,-1.0
2020-06-22,1628.0,2.8,1703.0,7.09,62.8,1779.0,Côte d'Ivoire,LOT-2020-26-235,25.4,18.1,2122.5,1948.6,1782.5,1898.675,1.2246467991473532e-16,-1.0
2020-06-29,1838.0,3.05,2471.0,8.36,77.3,1775.1,Côte d'Ivoire,LOT-2020-27-891,30.6,3.7,1628.0,2060.3,1956.7,1880.0875,1.2246467991473532e-16,-1.0
2020-07-06,1919.4,2.91,2181.0,7.29,75.7,1780.4,Côte d'Ivoire,LOT-2020-28-882,30.9,24.9,1838.0,1720.6,1760.1,1876.7625,-0.4999999999999997,-0.8660254037844388
2020-07-13,1873.5,2.96,1230.0,6.67,58.2,1780.2,Côte d'Ivoire,LOT-2020-29-270,27.8,14.2,1919.4,2122.5,1877.9,1889.6875,-0.4999999999999997,-0.8660254037844388
2020-07-20,1754.9,2.68,2432.0,7.73,66.6,1774.9,Côte d'Ivoire,LOT-2020-30-258,29.3,4.1,1873.5,1628.0,1915.3,1888.8625,-0.4999999999999997,-0.8660254037844388
2020-07-27,1793.2,2.72,1421.0,6.73,81.6,1776.3,Côte d'Ivoire,LOT-2020-31-300,27.8,6.2,1754.9,1838.0,1751.1,1864.65,-0.4999999999999997,-0.8660254037844388
2020-08-03,1746.6,3.07,1170.0,7.19,64.2,1779.7,Cameroun,LOT-2020-32-586,25.1,24.9,1793.2,1919.4,1644.1,1831.2625,-0.8660254037844385,-0.5000000000000004
2020-08-10,1721.8,2.88,1048.0,7.51,68.3,1794.7,Côte d'Ivoire,LOT-2020-33-656,26.8,11.9,1746.6,1873.5,1271.2,1834.5125,-0.8660254037844385,-0.5000000000000004
2020-08-17,1880.7,2.83,1187.0,8.25,75.7,1805.8,Côte d'Ivoire,LOT-2020-34-875,27.7,4.4,1721.8,1754.9,1547.5,1784.4250000000002,-0.8660254037844385,-0.5000000000000004
2020-08-24,1807.3,3.18,1147.0,7.49,78.3,1811.0,Côte d'Ivoire,LOT-2020-35-682,26.7,61.6,1880.7,1793.2,1651.5,1816.0125,-0.8660254037844385,-0.5000000000000004
2020-08-31,1666.9,2.78,1434.0,7.9,70.0,1815.1,Côte d'Ivoire,LOT-2020-36-603,27.1,22.6,1807.3,1746.6,1544.5,1812.175,-0.8660254037844385,-0.5000000000000004
2020-09-07,1843.5,3.22,1428.0,8.49,67.2,1813.1,Côte d'Ivoire,LOT-2020-37-975,27.3,56.7,1666.9,1721.8,1903.3,1780.6125,-1.0,-1.8369701987210294e-16
2020-09-14,1758.2,3.02,1341.0,6.76,83.4,1820.1,Côte d'Ivoire,LOT-2020-38-470,27.4,10.0,1843.5,1880.7,1549.7,1776.8625000000002,-1.0,-1.8369701987210294e-16
2020-09-21,1805.0,2.66,1595.0,7.05,85.9,1824.1,Côte d'Ivoire,LOT-2020-39-202,27.6,11.6,1758.2,1807.3,1682.7,1777.275,-1.0,-1.8369701987210294e-16
2020-09-28,1769.8,2.69,2157.0,7.29,79.8,1824.3,Ghana,LOT-2020-40-224,25.6,41.1,1805.0,1666.9,1765.7,1778.75,-1.0,-1.8369701987210294e-16
2020-10-05,1582.4,2.78,1958.0,7.34,72.7,1812.4,Cameroun,LOT-2020-41-412,26.2,13.4,1769.8,1843.5,1937.4,1781.65,-0.8660254037844386,0.5000000000000001
2020-10-12,1603.2,2.77,740.0,7.32,65.5,1812.3,Cameroun,LOT-2020-42-897,25.2,22.1,1582.4,1758.2,1606.4,1764.225,-0.8660254037844386,0.5000000000000001
2020-10-19,1749.9,2.82,482.0,8.32,65.4,1806.3,Ghana,LOT-2020-43-557,29.3,5.2,1603.2,1805.0,1932.1,1729.5375,-0.8660254037844386,0.5000000000000001
2020-10-26,1724.5,2.82,1946.0,7.93,76.2,1803.5,Côte d'Ivoire,LOT-2020-44-329,23.7,10.7,1749.9,1769.8,1807.0,1722.3625,-0.8660254037844386,0.5000000000000001
2020-11-02,1641.2,3.03,775.0,7.72,75.3,1801.5,Cameroun,LOT-2020-45-757,29.6,2.4,1724.5,1582.4,1700.4,1729.5625,-0.5000000000000004,0.8660254037844384
2020-11-09,1651.9,2.49,1224.0,7.12,83.2,1793.8,Cameroun,LOT-2020-46-981,30.0,4.2,1641.2,1603.2,1885.0,1704.275,-0.5000000000000004,0.8660254037844384
2020-11-16,1786.8,3.05,839.0,8.15,77.2,1791.2,Côte d'Ivoire,LOT-2020-47-296,27.0,0.0,1651.9,1749.9,1863.7,1690.9875000000002,-0.5000000000000004,0.8660254037844384
2020-11-23,1559.9,2.46,651.0,8.41,60.0,1784.0,Ghana,LOT-2020-48-984,22.8,0.7,1786.8,1724.5,1776.7,1688.7125,-0.5000000000000004,0.8660254037844384
2020-11-30,1695.7,2.67,1663.0,8.14,80.4,1778.3,Côte d'Ivoire,LOT-2020-49-832,26.8,68.1,1559.9,1641.2,1864.6,1662.475,-0.5000000000000004,0.8660254037844384
2020-12-07,1606.6,2.92,1815.0,6.5,64.0,1771.4,Ghana,LOT-2020-50-522,27.4,5.0,1695.7,1651.9,1816.0,1676.6375,-2.4492935982947064e-16,1.0
2020-12-14,1607.4,2.84,1064.0,7.77,68.9,1762.3,Nigéria,LOT-2020-51-671,25.7,19.6,1606.6,1786.8,1880.1,1677.0625,-2.4492935982947064e-16,1.0
2020-12-21,1769.7,3.1,475.0,6.6,74.0,1756.3,Côte d'Ivoire,LOT-2020-52-709,26.6,32.9,1607.4,1559.9,1948.6,1659.25,-2.4492935982947064e-16,1.0
2020-12-28,1742.8,3.2,1077.0,7.02,88.0,1745.7,Cameroun,LOT-2021-01-270,30.3,14.4,1769.7,1695.7,2060.3,1664.9,-2.4492935982947064e-16,1.0
2021-01-04,2083.2,3.37,1567.0,6.62,96.9,1757.8,Ghana,LOT-2021-02-481,28.7,3.0,1742.8,1606.6,1720.6,1677.6,0.4999999999999999,0.8660254037844387
2021-01-11,2144.8,3.66,741.0,7.71,76.9,1758.6,Nigéria,LOT-2021-03-272,25.8,23.4,2083.2,1607.4,2122.5,1731.5124999999998,0.4999999999999999,0.8660254037844387
2021-01-18,2012.5,3.15,1441.0,7.87,70.5,1771.4,Côte d'Ivoire,LOT-2021-04-762,24.6,16.5,2144.8,1769.7,1628.0,1776.2625,0.4999999999999999,0.8660254037844387
2021-01-25,2095.4,3.48,1331.0,6.73,76.3,1780.0,Ghana,LOT-2021-05-552,26.9,23.7,2012.5,1742.8,1838.0,1832.8375,0.4999999999999999,0.8660254037844387
2021-02-01,1997.7,3.18,1689.0,7.27,79.1,1782.6,Côte d'Ivoire,LOT-2021-06-449,27.1,26.4,2095.4,2083.2,1919.4,1882.8,0.8660254037844386,0.5000000000000001
2021-02-08,2079.9,3.38,1405.0,7.41,69.4,1789.4,Côte d'Ivoire,LOT-2021-07-733,28.4,66.7,1997.7,2144.8,1873.5,1931.6875,0.8660254037844386,0.5000000000000001
2021-02-15,2043.1,3.47,908.0,7.24,86.4,1799.1,Côte d'Ivoire,LOT-2021-08-593,26.5,15.3,2079.9,2012.5,1754.9,1990.75,0.8660254037844386,0.5000000000000001
2021-02-22,2082.0,3.11,2162.0,6.74,73.8,1808.7,Nigéria,LOT-2021-09-719,28.4,7.5,2043.1,2095.4,1793.2,2024.925,0.8660254037844386,0.5000000000000001
2021-03-01,2151.0,4.1,1257.0,7.34,76.0,1822.2,Ghana,LOT-2021-10-103,31.0,18.8,2082.0,1997.7,1746.6,2067.325,1.0,6.123233995736766e-17
2021-03-08,2010.0,2.94,1325.0,8.0,77.3,1831.8,Cameroun,LOT-2021-11-192,29.0,1.3,2151.0,2079.9,1721.8,2075.8,1.0,6.123233995736766e-17
2021-03-15,2344.6,3.42,922.0,6.64,75.4,1847.2,Cameroun,LOT-2021-12-105,27.4,41.0,2010.0,2043.1,1880.7,2058.95,1.0,6.123233995736766e-17
2021-03-22,2018.1,3.6,1122.0,6.66,78.7,1854.3,Côte d'Ivoire,LOT-2021-13-387,27.2,2.3,2344.6,2082.0,1807.3,2100.4625,1.0,6.123233995736766e-17
2021-03-29,2009.0,3.48,940.0,7.21,67.1,1865.7,Côte d'Ivoire,LOT-2021-14-717,26.9,7.2,2018.1,2151.0,1666.9,2090.8,1.0,6.123233995736766e-17
2021-04-05,2283.2,3.87,1250.0,8.38,67.5,1880.3,Côte d'Ivoire,LOT-2021-15-245,29.6,30.4,2009.0,2010.0,1843.5,2092.2125,0.8660254037844387,-0.4999999999999998
2021-04-12,2255.3,3.83,2656.0,7.84,63.2,1896.9,Côte d'Ivoire,LOT-2021-16-882,26.4,16.4,2283.2,2344.6,1758.2,2117.625,0.8660254037844387,-0.4999999999999998
2021-04-19,2248.2,3.62,774.0,7.86,75.5,1911.7,Côte d'Ivoire,LOT-2021-17-523,27.6,9.0,2255.3,2018.1,1805.0,2144.15,0.8660254037844387,-0.4999999999999998
2021-04-26,2258.9,3.37,702.0,7.22,78.2,1928.0,Côte d'Ivoire,LOT-2021-18-989,27.6,11.5,2248.2,2009.0,1769.8,2164.925,0.8660254037844387,-0.4999999999999998
2021-05-03,2197.4,3.57,2413.0,7.69,75.7,1948.5,Côte d'Ivoire,LOT-2021-19-707,26.6,34.7,2258.9,2283.2,1582.4,2178.4125,0.4999999999999999,-0.8660254037844387
2021-05-10,2107.6,3.2,1232.0,6.52,85.4,1965.3,Côte d'Ivoire,LOT-2021-20-556,25.0,7.5,2197.4,2255.3,1603.2,2201.8375,0.4999999999999999,-0.8660254037844387
2021-05-17,2220.5,3.87,1025.0,7.77,72.0,1981.0,Côte d'Ivoire,LOT-2021-21-840,28.1,36.7,2107.6,2248.2,1749.9,2172.2125,0.4999999999999999,-0.8660254037844387
2021-05-24,2142.0,3.41,2030.0,95.0,77.3,1994.9,Côte d'Ivoire,LOT-2021-22-301,27.4,1.7,2220.5,2258.9,1724.5,2197.5125,0.4999999999999999,-0.8660254037844387
2021-05-31,2326.4,3.5,1051.0,7.73,63.3,2017.7,Nigéria,LOT-2021-23-311,28.4,27.0,2142.0,2197.4,1641.2,2214.1375,0.4999999999999999,-0.8660254037844387
2021-06-07,2203.8,3.46,2781.0,8.25,68.9,2036.1,Ghana,LOT-2021-24-105,26.5,33.9,2326.4,2107.6,1651.9,2219.5375,1.2246467991473532e-16,-1.0
2021-06-14,2128.3,3.56,1757.0,7.95,77.6,2047.5,Nigéria,LOT-2021-25-723,29.7,3.6,2203.8,2220.5,1786.8,2213.1,1.2246467991473532e-16,-1.0
2021-06-21,2181.2,3.35,1102.0,6.74,78.8,2068.2,Côte d'Ivoire,LOT-2021-26-475,25.9,10.1,2128.3,2142.0,1559.9,2198.1125,1.2246467991473532e-16,-1.0
2021-06-28,2257.6,3.39,3175.0,8.3,69.6,2086.9,Côte d'Ivoire,LOT-2021-27-990,30.6,3.3,2181.2,2326.4,1695.7,2188.4,1.2246467991473532e-16,-1.0
2021-07-05,2144.2,3.53,1051.0,6.63,71.4,2104.9,Ghana,LOT-2021-28-546,24.4,22.1,2257.6,2203.8,1606.6,2195.925,-0.4999999999999997,-0.8660254037844388
2021-07-12,2108.3,3.47,1802.0,7.57,59.9,2121.6,Côte d'Ivoire,LOT-2021-29-934,28.3,13.8,2144.2,2128.3,1607.4,2200.5,-0.4999999999999997,-0.8660254037844388
2021-07-19,2216.6,3.42,1510.0,6.78,69.1,2136.5,Côte d'Ivoire,LOT-2021-30-205,28.4,18.2,2108.3,2181.2,1769.7,2186.475,-0.4999999999999997,-0.8660254037844388
2021-07-26,2206.5,3.42,2255.0,6.52,79.1,2151.9,Côte d'Ivoire,LOT-2021-31-750,26.1,3.9,2216.6,2257.6,1742.8,2195.8,-0.4999999999999997,-0.8660254037844388
2021-08-02,2112.4,3.48,2501.0,7.34,76.6,2152.9,Côte d'Ivoire,LOT-2021-32-910,28.3,4.3,2206.5,2144.2,2083.2,2180.8125,-0.8660254037844385,-0.5000000000000004
2021-08-09,2104.0,2.96,1357.0,7.09,76.0,2151.5,Côte d'Ivoire,LOT-2021-33-500,29.8,0.8,2112.4,2108.3,2144.8,2169.3875,-0.8660254037844385,-0.5000000000000004
2021-08-16,2168.1,3.07,991.0,7.47,72.4,2156.7,Côte d'Ivoire,LOT-2021-34-195,23.5,7.0,2104.0,2216.6,2012.5,2166.35,-0.8660254037844385,-0.5000000000000004
2021-08-23,1969.4,2.96,1610.0,7.65,72.1,2152.5,Ghana,LOT-2021-35-487,28.4,14.8,2168.1,2206.5,2095.4,2164.7125,-0.8660254037844385,-0.5000000000000004
2021-08-30,1959.6,3.1,1021.0,6.59,66.7,2151.2,Côte d'Ivoire,LOT-2021-36-551,23.0,35.1,1969.4,2112.4,1997.7,2128.6875,-0.8660254037844385,-0.5000000000000004
2021-09-06,2021.0,3.35,2997.0,6.75,77.6,2149.3,Côte d'Ivoire,LOT-2021-37-948,25.8,19.8,1959.6,2104.0,2079.9,2105.6125,-1.0,-1.8369701987210294e-16
2021-09-13,2062.1,3.77,1415.0,7.62,75.4,2149.9,Ghana,LOT-2021-38-908,30.4,10.3,2021.0,2168.1,2043.1,2094.7000000000003,-1.0,-1.8369701987210294e-16
2021-09-20,2105.5,3.65,1157.0,7.19,75.9,2150.7,Côte d'Ivoire,LOT-2021-39-515,26.5,55.1,2062.1,1969.4,2082.0,2075.3875,-1.0,-1.8369701987210294e-16
2021-09-27,2219.7,3.57,1442.0,7.96,67.8,2156.2,Côte d'Ivoire,LOT-2021-40-825,25.4,22.9,2105.5,1959.6,2151.0,2062.7625,-1.0,-1.8369701987210294e-16
2021-10-04,2138.6,3.15,781.0,7.8,54.8,2149.3,Cameroun,LOT-2021-41-603,27.1,47.9,2219.7,2021.0,2010.0,2076.175,-0.8660254037844386,0.5000000000000001
2021-10-11,2014.2,3.24,908.0,8.19,80.8,2149.2,Côte d'Ivoire,LOT-2021-42-553,31.2,13.5,2138.6,2062.1,2344.6,2080.5,-0.8660254037844386,0.5000000000000001
2021-10-18,2018.3,3.17,2165.0,7.88,68.2,2149.5,Côte d'Ivoire,LOT-2021-43-390,24.2,5.4,2014.2,2105.5,2018.1,2061.2625,-0.8660254037844386,0.5000000000000001
2021-10-25,1899.9,3.16,1030.0,7.36,65.1,2136.7,Côte d'Ivoire,LOT-2021-44-633,25.6,1.0,2018.3,2219.7,2009.0,2067.375,-0.8660254037844386,0.5000000000000001
2021-11-01,1999.2,2.98,881.0,7.85,77.5,2128.2,Côte d'Ivoire,LOT-2021-45-292,30.2,23.3,1899.9,2138.6,2283.2,2059.9125,-0.5000000000000004,0.8660254037844384
2021-11-08,1962.0,3.32,1660.0,7.05,68.9,2118.6,Côte d'Ivoire,LOT-2021-46-249,30.8,2.3,1999.2,2014.2,2255.3,2057.1875,-0.5000000000000004,0.8660254037844384
2021-11-15,2023.3,3.72,2152.0,7.11,80.5,2110.8,Ghana,LOT-2021-47-979,27.3,6.5,1962.0,2018.3,2248.2,2044.675,-0.5000000000000004,0.8660254037844384
2021-11-22,1892.5,3.02,1786.0,8.08,76.9,2100.6,Côte d'Ivoire,LOT-2021-48-858,25.3,13.7,2023.3,1899.9,2258.9,2034.4,-0.5000000000000004,0.8660254037844384
2021-11-29,2038.0,3.41,1995.0,7.39,77.5,2098.3,Côte d'Ivoire,LOT-2021-49-878,31.3,15.0,1892.5,1999.2,2197.4,1993.5,-0.5000000000000004,0.8660254037844384
2021-12-13,1968.9,3.06,758.0,8.14,81.7,2088.1,Côte d'Ivoire,LOT-2021-51-614,28.7,3.3,2038.0,1962.0,2107.6,1980.925,-2.4492935982947064e-16,1.0
2021-12-20,2027.7,3.34,2442.0,8.22,74.1,2077.8,Ghana,LOT-2021-52-492,26.0,8.6,1968.9,2023.3,2220.5,1975.2625,-2.4492935982947064e-16,1.0
2021-12-27,2063.7,3.33,1177.0,8.33,69.0,2073.0,Côte d'Ivoire,LOT-2022-01-415,27.4,17.3,2027.7,1892.5,2142.0,1976.4375,-2.4492935982947064e-16,1.0
2022-01-03,1949.6,3.17,1212.0,7.36,73.1,2066.8,Côte d'Ivoire,LOT-2022-02-175,27.2,63.0,2063.7,2038.0,2326.4,1996.9125,0.4999999999999999,0.8660254037844387
2022-01-10,2025.9,3.04,2279.0,7.14,57.8,2061.5,Côte d'Ivoire,LOT-2022-03-698,28.1,23.4,1949.6,1968.9,2203.8,1990.7125,0.4999999999999999,0.8660254037844387
2022-01-17,2011.6,3.25,1673.0,7.66,75.3,2053.0,Côte d'Ivoire,LOT-2022-04-369,30.1,46.1,2025.9,2027.7,2128.3,1998.7,0.4999999999999999,0.8660254037844387
2022-01-24,2031.2,3.43,1607.0,7.24,63.8,2049.1,Côte d'Ivoire,LOT-2022-05-324,29.1,25.9,2011.6,2063.7,2181.2,1997.2375,0.4999999999999999,0.8660254037844387
2022-01-31,1946.8,3.58,3184.0,7.7,61.2,2043.5,Ghana,LOT-2022-06-629,25.6,16.1,2031.2,1949.6,2257.6,2014.575,0.4999999999999999,0.8660254037844387
2022-02-07,2046.9,3.59,1035.0,7.91,59.8,2037.7,Côte d'Ivoire,LOT-2022-07-212,30.0,3.8,1946.8,2025.9,2144.2,2003.175,0.8660254037844386,0.5000000000000001
2022-02-14,2112.2,4.05,1941.0,7.88,80.9,2034.4,Côte d'Ivoire,LOT-2022-08-350,28.1,19.8,2046.9,2011.6,2108.3,2012.925,0.8660254037844386,0.5000000000000001
2022-02-21,2230.9,3.37,1370.0,7.25,67.0,2038.5,Côte d'Ivoire,LOT-2022-09-332,28.7,17.6,2112.2,2031.2,2216.6,2023.4875,0.8660254037844386,0.5000000000000001
2022-02-28,2191.1,3.8,1491.0,6.83,84.3,2041.5,Ghana,LOT-2022-10-940,30.1,16.6,2230.9,1946.8,2206.5,2044.3875,0.8660254037844386,0.5000000000000001
2022-03-07,2336.9,3.82,2469.0,7.36,67.7,2047.3,Côte d'Ivoire,LOT-2022-11-890,25.5,12.1,2191.1,2046.9,2112.4,2074.575,1.0,6.123233995736766e-17
2022-03-14,2030.1,3.93,1641.0,6.79,58.3,2049.4,Ghana,LOT-2022-12-813,27.4,13.5,2336.9,2112.2,2104.0,2113.45,1.0,6.123233995736766e-17
2022-03-21,2224.7,3.35,1661.0,8.28,63.1,2058.6,Ghana,LOT-2022-13-182,26.5,7.3,2030.1,2230.9,2168.1,2115.7625,1.0,6.123233995736766e-17
2022-03-28,2162.7,3.24,2057.0,7.19,81.9,2063.4,Cameroun,LOT-2022-14-224,24.7,13.2,2224.7,2191.1,1969.4,2139.95,1.0,6.123233995736766e-17
2022-04-04,2396.6,3.69,1158.0,6.81,70.8,2075.0,Côte d'Ivoire,LOT-2022-15-274,28.1,4.0,2162.7,2336.9,1959.6,2166.9375,0.8660254037844387,-0.4999999999999998
2022-04-11,2079.3,2.72,957.0,6.55,67.6,2074.1,Côte d'Ivoire,LOT-2022-16-168,32.0,29.4,2396.6,2030.1,2021.0,2210.65,0.8660254037844387,-0.4999999999999998
2022-04-18,2087.2,3.21,882.0,7.79,73.3,2073.4,Ghana,LOT-2022-17-146,24.2,3.7,2079.3,2224.7,2062.1,2206.5375,0.8660254037844387,-0.4999999999999998
2022-04-25,2123.9,3.2,610.0,7.77,76.0,2070.1,Nigéria,LOT-2022-18-983,27.4,1.6,2087.2,2162.7,2105.5,2188.575,0.8660254037844387,-0.4999999999999998
2022-05-02,1965.1,3.21,3049.0,7.18,80.9,2064.2,Cameroun,LOT-2022-19-355,28.7,10.3,2123.9,2396.6,2219.7,2180.175,0.4999999999999999,-0.8660254037844387
2022-05-09,2148.4,3.57,862.0,6.64,83.6,2068.8,Côte d'Ivoire,LOT-2022-20-826,27.7,19.3,1965.1,2079.3,2138.6,2133.7,0.4999999999999999,-0.8660254037844387
2022-05-16,2128.7,4.0,1226.0,7.32,69.1,2072.6,Côte d'Ivoire,LOT-2022-21-129,27.3,10.4,2148.4,2087.2,2014.2,2148.4875,0.4999999999999999,-0.8660254037844387
2022-05-23,2233.1,3.89,1199.0,7.12,61.4,2084.1,Côte d'Ivoire,LOT-2022-22-380,25.2,5.8,2128.7,2123.9,2018.3,2136.4875,0.4999999999999999,-0.8660254037844387
2022-05-30,2256.7,3.47,1515.0,7.85,68.7,2093.0,Ghana,LOT-2022-23-336,27.9,14.7,2233.1,1965.1,1899.9,2145.2875,0.4999999999999999,-0.8660254037844387
2022-06-06,2426.4,3.64,1856.0,7.71,74.1,2109.0,Côte d'Ivoire,LOT-2022-24-347,26.1,7.7,2256.7,2148.4,1999.2,2127.8,1.2246467991473532e-16,-1.0
2022-06-13,2323.7,3.9,1890.0,7.23,64.3,2119.3,Côte d'Ivoire,LOT-2022-25-467,23.6,48.6,2426.4,2128.7,1962.0,2171.1875,1.2246467991473532e-16,-1.0
2022-06-20,2153.1,3.08,1061.0,6.94,64.3,2128.3,Ghana,LOT-2022-26-594,29.7,46.1,2323.7,2233.1,2023.3,2200.75,1.2246467991473532e-16,-1.0
2022-06-27,2113.4,3.96,1253.0,8.48,74.8,2130.9,Côte d'Ivoire,LOT-2022-27-124,29.2,12.6,2153.1,2256.7,1892.5,2204.4,1.2246467991473532e-16,-1.0
2022-07-04,2260.4,4.0,1500.0,7.41,71.6,2135.2,Cameroun,LOT-2022-28-685,27.6,7.2,2113.4,2426.4,2038.0,2222.9375,-0.4999999999999997,-0.8660254037844388
2022-07-11,2053.5,3.17,1213.0,7.88,72.3,2138.0,Côte d'Ivoire,LOT-2022-29-817,27.9,24.0,2260.4,2323.7,1968.9,2236.9375,-0.4999999999999997,-0.8660254037844388
2022-07-18,2391.3,3.34,2548.0,6.78,65.9,2150.2,Côte d'Ivoire,LOT-2022-30-589,29.4,0.7,2053.5,2153.1,2027.7,2227.5375,-0.4999999999999997,-0.8660254037844388
2022-07-25,2309.3,4.13,1630.0,7.47,70.2,2158.4,Côte d'Ivoire,LOT-2022-31-593,27.9,11.6,2391.3,2113.4,2063.7,2247.3125,-0.4999999999999997,-0.8660254037844388
2022-08-01,2116.6,3.38,1797.0,6.56,64.6,2163.9,Ghana,LOT-2022-32-413,29.1,7.4,2309.3,2260.4,1949.6,2253.8875000000003,-0.8660254037844385,-0.5000000000000004
2022-08-08,1967.3,3.54,1746.0,7.51,79.1,2162.0,Côte d'Ivoire,LOT-2022-33-705,27.0,45.6,2116.6,2053.5,2025.9,2215.1625,-0.8660254037844385,-0.5000000000000004
2022-08-15,2291.5,3.22,2142.0,8.43,80.3,2171.3,Côte d'Ivoire,LOT-2022-34-474,29.9,0.2,1967.3,2391.3,2011.6,2170.6125,-0.8660254037844385,-0.5000000000000004
2022-08-22,2116.1,3.23,1440.0,7.27,57.2,2174.1,Nigéria,LOT-2022-35-738,28.1,14.5,2291.5,2309.3,2031.2,2187.9125,-0.8660254037844385,-0.5000000000000004
2022-08-29,2250.6,3.63,797.0,6.58,64.6,2184.3,Côte d'Ivoire,LOT-2022-36-124,27.8,24.3,2116.1,2116.6,1946.8,2188.25,-0.8660254037844385,-0.5000000000000004
2022-09-05,1924.6,3.12,1572.0,6.56,60.0,2180.2,Côte d'Ivoire,LOT-2022-37-433,25.2,11.9,2250.6,1967.3,2046.9,2187.025,-1.0,-1.8369701987210294e-16
2022-09-12,2019.6,3.12,1032.0,7.28,66.8,2177.1,Côte d'Ivoire,LOT-2022-38-454,28.0,1.6,1924.6,2291.5,2112.2,2170.9125,-1.0,-1.8369701987210294e-16
2022-09-19,2071.9,3.53,,6.82,71.3,2171.8,Côte d'Ivoire,LOT-2022-39-215,26.0,64.7,2019.6,2116.1,2230.9,2124.45,-1.0,-1.8369701987210294e-16
2022-09-26,2062.6,3.01,,6.55,60.4,2167.5,Ghana,LOT-2022-40-147,26.4,13.1,2071.9,2250.6,2191.1,2094.775,-1.0,-1.8369701987210294e-16
2022-10-03,1994.7,3.17,2198.0,8.01,64.6,2156.1,Côte d'Ivoire,LOT-2022-41-837,26.0,17.1,2062.6,1924.6,2336.9,2088.025,-0.8660254037844386,0.5000000000000001
2022-10-10,2100.3,3.42,1351.0,7.42,64.0,2158.4,Côte d'Ivoire,LOT-2022-42-877,25.6,4.9,1994.7,2019.6,2030.1,2091.4500000000003,-0.8660254037844386,0.5000000000000001
2022-10-17,1903.0,3.22,1516.0,7.08,73.7,2147.7,Côte d'Ivoire,LOT-2022-43-198,31.3,11.9,2100.3,2071.9,2224.7,2067.55,-0.8660254037844386,0.5000000000000001
2022-10-24,1994.5,3.43,2646.0,8.3,72.6,2142.1,Ghana,LOT-2022-44-558,29.9,10.1,1903.0,2062.6,2162.7,2040.9125,-0.8660254037844386,0.5000000000000001
2022-10-31,2014.5,2.91,1475.0,6.73,66.2,2129.4,Côte d'Ivoire,LOT-2022-45-622,31.0,1.4,1994.5,1994.7,2396.6,2008.9,-0.8660254037844386,0.5000000000000001
2022-11-07,2050.3,2.85,3792.0,8.41,73.4,2128.4,Côte d'Ivoire,LOT-2022-46-696,25.3,2.0,2014.5,2100.3,2079.3,2020.1375,-0.5000000000000004,0.8660254037844384
2022-11-14,2066.1,3.72,1679.0,7.13,67.6,2127.7,Côte d'Ivoire,LOT-2022-47-504,27.6,32.7,2050.3,1903.0,2087.2,2023.975,-0.5000000000000004,0.8660254037844384
2022-11-21,1859.8,3.1,662.0,8.28,69.8,2118.9,Côte d'Ivoire,LOT-2022-48-313,25.2,4.9,2066.1,1994.5,2123.9,2023.25,-0.5000000000000004,0.8660254037844384
2022-11-28,1812.1,2.7,1810.0,7.71,85.4,2113.8,Côte d'Ivoire,LOT-2022-49-784,26.2,3.9,1859.8,2014.5,1965.1,1997.9,-0.5000000000000004,0.8660254037844384
2022-12-05,2120.5,3.89,1560.0,8.15,82.7,2112.9,Côte d'Ivoire,LOT-2022-50-602,25.8,12.7,1812.1,2050.3,2148.4,1975.075,-2.4492935982947064e-16,1.0
2022-12-12,2017.4,3.29,2244.0,8.47,61.6,2109.2,Ghana,LOT-2022-51-820,29.7,26.4,2120.5,2066.1,2128.7,1977.6,-2.4492935982947064e-16,1.0
2022-12-19,1901.2,3.42,1753.0,7.08,78.6,2098.1,Côte d'Ivoire,LOT-2022-52-547,26.8,1.2,2017.4,1859.8,2233.1,1991.9,-2.4492935982947064e-16,1.0
2022-12-26,2158.4,3.5,1267.0,8.42,78.5,2094.8,Cameroun,LOT-2023-01-993,29.4,15.5,1901.2,1812.1,2256.7,1980.2375,-2.4492935982947064e-16,1.0
